日期,台股市值,台股成本,台股損益,台股損益率,美股(TWD) 市值,美股(TWD) 成本,美股(TWD) 損益,美股(TWD) 損益率,美股(USD) 市值,美股(USD) 成本,美股(USD) 損益,美股(USD) 損益率,總市值,總成本,總損益,總損益率,,,,,,,,,,,,,,
2025/02/21,102112,100701,1411,1.40%,533777.4911,534142.3889,-364.8978006,-0.07%,16290.84097,16255.56428,35.27668656,0.22%,635889.8411,634843.4789,1046.362199,0.16%,,,,,,,,,,,,,,
2025/02/22,102112,100701,1411,1.40%,555166.7191,567339.1468,-12172.42766,-2.15%,16932.00925,17267.16463,-335.1553853,-1.94%,657279.0691,668040.2368,-10761.16766,-1.61%,,,,,,,,,,,,,,
2025/02/25,135785,135242,543,0.40%,656080.846,677789.2577,-21708.41169,-3.20%,20051.67701,20631.01857,-579.3415579,-2.81%,791865.846,813030.8277,-21164.98169,-2.60%,,,,,,,,,,,,,,
2025/02/26,144532,144949,-417,-0.29%,701260.8497,734743.3077,-33482.45805,-4.56%,21381.66768,22365.60357,-983.9358895,-4.40%,845792.8497,879692.3777,-33899.52805,-3.85%,,,,,,,,,,,,,,
2025/02/27,144532,144949,-417,-0.29%,723592.2892,755499.1349,-31906.84564,-4.22%,22076.62493,23015.87697,-939.252044,-4.08%,868124.2892,900448.2049,-32323.91564,-3.59%,,,,,,,,,,,,,,
2025/02/28,143052,144949,-1897,-1.31%,711121.8706,758287.301,-47165.43041,-6.22%,21583.48745,23100.87697,-1517.389524,-6.57%,854173.4706,903236.371,-49062.90041,-5.43%,,,,,,,,,,,,,,
2025/03/01,143052,144949,-1897,-1.31%,750796.7775,784044.052,-33247.27452,-4.24%,22806.70648,23886.09697,-1079.390485,-4.52%,893848.3775,928993.122,-35144.74452,-3.78%,,,,,,,,,,,,,,
2025/03/04,173204,177919,-4715,-2.65%,789313.0851,841249.6017,-51936.51661,-6.17%,23989.31636,25630.06467,-1640.748309,-6.40%,962517.1851,1019168.422,-56651.23661,-5.56%,,,,,,,,,,,,,,
2025/03/05,173468,177919,-4451,-2.50%,812048.5807,871269.2699,-59220.68918,-6.80%,24732.31854,26545.24391,-1812.925374,-6.83%,985516.7807,1049188.09,-63671.30918,-6.07%,,,,,,,,,,,,,,
2025/03/06,173843,177919,-4075,-2.29%,827245.915,871269.2699,-44023.35487,-5.05%,25194.65123,26545.24391,-1350.592683,-5.09%,1001089.315,1049188.09,-48098.77487,-4.58%,,,,,,,,,,,,,,
2025/03/07,173058,177919,-4861,-2.73%,822706.2074,898986.4531,-76280.24566,-8.49%,25025.43939,27390.22962,-2364.790229,-8.63%,995764.0074,1076905.273,-81141.26566,-7.53%,,,,,,,,,,,,,,
2025/03/08,171394,177919,-6525,-3.67%,901624.866,979752.3119,-78127.44593,-7.97%,27453.40923,29852.45662,-2399.047392,-8.04%,1073018.666,1157671.132,-84652.46593,-7.31%,,,,,,,,,,,,,,
2025/03/11,170466,177919,-7453,-4.19%,838915.3166,979752.3119,-140836.9953,-14.37%,25509.26712,29852.45662,-4343.189501,-14.55%,1009380.817,1157671.132,-148290.3153,-12.81%,,,,,,,,,,,,,,
2025/03/12,185723,196049,-10325,-5.27%,850353.2512,980328.098,-129974.8467,-13.26%,25856.19139,29852.45662,-3996.265233,-13.39%,1036076.651,1176376.918,-140300.2667,-11.93%,,,,,,,,,,,,,,
2025/03/13,186856,196554,-9698,-4.93%,916565.698,1024739.046,-108173.3477,-10.56%,27852.2043,31205.42556,-3353.221258,-10.75%,1103421.898,1221293.486,-117871.5877,-9.65%,,,,,,,,,,,,,,
2025/03/14,185325,196554,-11229,-5.71%,903749.4245,1024739.046,-120989.6212,-11.81%,27407.60786,31205.42556,-3797.817706,-12.17%,1089074.634,1221293.486,-132218.8512,-10.83%,,,,,,,,,,,,,,
2025/03/15,184777,196554,-11778,-5.99%,925607.8254,1024739.046,-99131.22024,-9.67%,28098.95952,31205.42556,-3106.466046,-9.95%,1110384.445,1221293.486,-110909.0402,-9.08%,,,,,,,,,,,,,,
2025/03/18,186240,196554,-10315,-5.25%,914862.1873,1006839.411,-91977.22364,-9.14%,27750.5949,30661.23556,-2910.640661,-9.49%,1101101.917,1203393.851,-102291.9336,-8.50%,,,,,,,,,,,,,,
2025/03/19,187164,196554,-9391,-4.78%,890865.646,1006839.411,-115973.7649,-11.52%,26998.22687,30661.23556,-3663.008691,-11.95%,1078029.346,1203393.851,-125364.5049,-10.42%,,,,,,,,,,,,,,
2025/03/20,188476,196554,-8078,-4.11%,928897.6505,1028996.157,-100098.5069,-9.73%,28153.02998,31336.23556,-3183.205582,-10.16%,1117373.73,1225550.597,-108176.8669,-8.83%,,,,,,,,,,,,,,
2025/03/21,188648,196554,-7906,-4.02%,929409.0929,1028996.157,-99587.06444,-9.68%,28146.51224,31336.23556,-3189.723318,-10.18%,1118057.413,1225550.597,-107493.1844,-8.77%,,,,,,,,,,,,,,
2025/03/22,187254,196554,-9301,-4.73%,939841.4659,1028996.157,-89154.69144,-8.66%,28488.67735,31336.23556,-2847.558208,-9.09%,1127095.366,1225550.597,-98455.23144,-8.03%,,,,,,,,,,,,,,
2025/03/25,187148,196554,-9406,-4.79%,979429.6807,1028996.157,-49566.47661,-4.82%,29653.89865,31336.23556,-1682.336915,-5.37%,1166578.171,1225550.597,-58972.42661,-4.81%,,,,,,,,,,,,,,
2025/03/26,188849,196579,-7730,-3.93%,988710.0601,1028996.157,-40286.09721,-3.92%,29906.54146,31336.23556,-1429.694107,-4.56%,1177559.26,1225575.597,-48016.33721,-3.92%,,,,,,,,,,,,,,
2025/03/27,188923,196109,-7186,-3.66%,965743.5949,1028996.157,-63252.56247,-6.15%,29171.25581,31336.23556,-2164.979751,-6.91%,1154666.585,1225105.597,-70439.01247,-5.75%,,,,,,,,,,,,,,
2025/03/28,185635,196109,-10475,-5.34%,958791.1408,1028996.157,-70205.01655,-6.82%,28942.80763,31336.23556,-2393.427933,-7.64%,1144425.851,1225105.597,-80679.74655,-6.59%,,,,,,,,,,,,,,
2025/03/29,183930,196109,-12179,-6.21%,935684.4908,1028996.157,-93311.66659,-9.07%,28206.63002,31336.23556,-3129.605542,-9.99%,1119614.561,1225105.597,-105491.0366,-8.61%,,,,,,,,,3453,,,,,
2025/04/01,189641,208303,-18662,-8.96%,978565.3374,1073009.303,-94443.96583,-8.80%,29427.88132,32677.08556,-3249.204247,-9.94%,1168206.237,1281312.243,-113106.0058,-8.83%,,,,,,,,,,,,,,
2025/04/02,193240,208303,-15063,-7.23%,991575.1734,1073009.303,-81434.12985,-7.59%,29848.93132,32677.08556,-2828.154245,-8.65%,1184815.413,1281312.243,-96496.82985,-7.53%,,,,,,,,,,,,,,
2025/04/04,192964,208303,-15339,-7.36%,964816.3242,1085638.32,-120821.9962,-11.13%,29131.36745,33061.82556,-3930.458113,-11.89%,1157780.684,1293941.26,-136160.5762,-10.52%,,,,,,,,,,,,,,
2025/04/05,192964,208303,-15339,-7.36%,898441.7195,1085638.32,-187196.6009,-17.24%,27127.27304,33061.82556,-5934.55252,-17.95%,1091406.08,1293941.26,-202535.1809,-15.65%,,,,,,,,,,,,,,
2025/04/08,173197,208303,-35106,-16.85%,891693.7987,1085638.32,-193944.5217,-17.86%,27023.1533,33061.82556,-6038.672261,-18.26%,1064891.199,1293941.26,-229050.0617,-17.70%,,,,,,,,,,,,,,
2025/04/09,168579,208303,-39724,-19.07%,876285.9062,1085638.32,-209352.4142,-19.28%,26475.26116,33061.82556,-6586.564399,-19.92%,1044864.526,1293941.26,-249076.7342,-19.25%,,,,,,,,,,,,,,
2025/04/10,160740,208303,-47563,-22.83%,1011086.031,1125158.078,-114072.0471,-10.14%,31020.99894,34265.78556,-3244.786624,-9.47%,1171825.531,1333461.018,-161635.4871,-12.12%,,,,,,,,,,,,,,
2025/04/11,217314,246544,-29230,-11.86%,971212.3169,1124649.297,-153436.9799,-13.64%,29609.7772,34250.28566,-4640.508462,-13.55%,1188526.457,1371193.737,-182667.2799,-13.32%,,,,,,,,,,,,,,
2025/04/13,221393,246544,-25152,-10.20%,969370.2827,1124649.297,-155279.0142,-13.81%,29994.74852,34250.28566,-4255.537142,-12.42%,1190762.823,1371193.737,-180430.9142,-13.16%,,,,,,,,,,,,,,
2025/04/15,220761,246544,-25783,-10.46%,976645.4803,1124649.297,-148003.8165,-13.16%,30148.49906,34250.28566,-4101.786605,-11.98%,1197406.94,1371193.737,-173786.7965,-12.67%,,,,,,,,,,,,,,
2025/04/16,222875,246544,-23669,-9.60%,982663.0534,1124649.297,-141986.2435,-12.62%,30218.02736,34250.28566,-4032.258307,-11.77%,1205538.063,1371193.737,-165655.6735,-12.08%,,,,,,,,,,,,,,
2025/04/17,219010,246544,-27535,-11.17%,950167.2444,1124649.297,-174482.0524,-15.51%,29319.46269,34250.28566,-4930.822971,-14.40%,1169177.164,1371193.737,-202016.5724,-14.73%,,,,,,,,,,,,,,
2025/04/18,216775,246544,-29770,-12.07%,955009.7057,1124649.297,-169639.5911,-15.08%,29363.23041,34250.28566,-4887.055256,-14.27%,1171784.456,1371193.737,-199409.2811,-14.54%,,,,,,,,,,,,,,
2025/04/21,217199,246544,-29346,-11.90%,954927.0844,1124649.297,-169722.2124,-15.09%,29360.69009,34250.28566,-4889.595574,-14.28%,1172125.964,1371193.737,-199067.7724,-14.52%,,,,,,,,,,,,,,
2025/04/22,214196,246544,-32348,-13.12%,925557.8314,1124649.297,-199091.4654,-17.70%,28507.73654,34250.28566,-5742.549124,-16.77%,1139753.901,1371193.737,-231439.8354,-16.88%,,,,,,,,,,,,,,
2025/04/23,210747,246544,-35797,-14.52%,956714.4495,1124649.297,-167934.8473,-14.93%,29364.00609,34250.28566,-4886.279571,-14.27%,1167461.62,1371193.737,-203732.1173,-14.86%,,,,,,,,,,,,,,
2025/04/24,219580,246544,-26964,-10.94%,971984.4381,1115210.523,-143226.0847,-12.84%,29861.37397,33962.73566,-4101.361687,-12.08%,1191564.868,1361754.963,-170190.0947,-12.50%,,,,,,,,,,,,,,
2025/04/25,218352,246544,-28192,-11.43%,994428.0589,1115210.523,-120782.464,-10.83%,30632.67016,33962.73566,-3330.065505,-9.81%,1212780.419,1361754.963,-148974.544,-10.94%,,,,,,,,,,,,,,
2025/04/26,223550,246544,-22994,-9.33%,1029871.436,1115210.523,-85339.08699,-7.65%,31639.18944,33962.73566,-2323.546222,-6.84%,1253421.656,1361754.963,-108333.307,-7.96%,,,,,,,,,,,,,,
2025/04/29,225289,246544,-21255,-8.62%,1027991.356,1115210.523,-87219.16726,-7.82%,31683.63934,33962.73566,-2279.096318,-6.71%,1253280.726,1361754.963,-108474.2373,-7.97%,,,,,,,,,,,,,,
2025/04/30,226138,246544,-20407,-8.28%,1034272.896,1115210.523,-80937.62704,-7.26%,31984.40315,33962.73566,-1978.332516,-5.83%,1260410.466,1361754.963,-101344.497,-7.44%,,,,,,,,,,,,,,
2025/05/01,226970,246544,-19575,-7.94%,1014470.186,1115210.523,-100740.3369,-9.03%,31633.98254,33962.73566,-2328.753126,-6.86%,1241439.766,1361754.963,-120315.1969,-8.84%,,,,,,,,,,,,,,
2025/05/02,226970,246544,-19575,-7.94%,977800.2468,1076442.782,-98642.53471,-9.16%,30435.28431,32781.68566,-2346.401355,-7.16%,1204769.827,1322987.222,-118217.3947,-8.94%,,,,,,,,,,,,,,
2025/05/05,232893,246544,-13652,-5.54%,919524.6507,1054870.333,-135345.6825,-12.83%,29964.1434,32124.48616,-2160.342759,-6.72%,1152417.391,1301414.773,-148997.3825,-11.45%,,,,,,,,,,,,,,
2025/05/06,230346,246504,-16158,-6.55%,870034.3196,1054870.333,-184836.0136,-17.52%,29797.94093,32124.48616,-2326.545235,-7.24%,1100380.54,1301374.773,-200994.2336,-15.44%,,,,,,,,,,,,,,
2025/05/07,229443,246504,-17062,-6.92%,917197.9401,1091555.34,-174357.4002,-15.97%,30562.87889,33242.08616,-2679.207268,-8.06%,1146640.66,1338059.78,-191419.1202,-14.31%,,,,,,,,,,,,,,
2025/05/08,228776,246504,-17728,-7.19%,930872.3316,1091555.34,-160683.0087,-14.72%,30615.17152,33242.08616,-2626.914641,-7.90%,1159648.532,1338059.78,-178411.2487,-13.33%,,,,,,,,,,,,,,
2025/05/09,231596,246504,-14908,-6.05%,940376.0332,1091555.34,-151179.3071,-13.85%,31052.11477,33242.08616,-2189.971395,-6.59%,1171972.443,1338059.78,-166087.3371,-12.41%,,,,,,,,,,,,,,
2025/05/10,234188,246504,-12316,-5.00%,978247.879,1128975.59,-150727.7113,-13.35%,32401.97621,34382.08516,-1980.108954,-5.76%,1212436.209,1375480.03,-163043.8213,-11.85%,,,,,,,,,,,,,,
2025/05/13,240144,246504,-6361,-2.58%,1024199.858,1128975.59,-104775.7326,-9.28%,33650.935,34382.08516,-731.1501592,-2.13%,1264343.678,1375480.03,-111136.3526,-8.08%,,,,,,,,,,,,,,
2025/05/14,239710,246504,-6794,-2.76%,1061900.349,1142204.153,-80303.80355,-7.03%,34907.96677,34785.09016,122.8766076,0.35%,1301610.629,1388708.593,-87097.96355,-6.27%,,,,,,,,,,,,,,
2025/05/15,244339,246504,-2165,-0.88%,1075096.092,1141229.59,-66133.49816,-5.79%,35613.00957,34785.09016,827.919408,2.38%,1319435.482,1387734.03,-68298.54816,-4.92%,,,,,,,,,,,,,,
2025/05/16,244339,246504,-2165,-0.88%,1064651.614,1141229.59,-76577.97656,-6.71%,35274.38916,34785.09016,489.2990022,1.41%,1308991.004,1387734.03,-78743.02656,-5.67%,,,,,,,,,,,,,,
2025/05/17,244954,246504,-1550,-0.63%,1076634.428,1141229.59,-64595.16279,-5.66%,35634.23097,34785.09016,849.140805,2.44%,1321588.508,1387734.03,-66145.52279,-4.77%,,,,,,,,,,,,,,
2025/05/20,241266,246504,-5239,-2.13%,1067529.377,1141229.59,-73700.21342,-6.46%,35375.71377,34785.09016,590.6236089,1.70%,1308795.307,1387734.03,-78938.72342,-5.69%,,,,,,,,,,,,,,
2025/05/21,241770,246504,-4735,-1.92%,1063362.039,1141229.59,-77867.55179,-6.82%,35267.77373,34785.09016,482.683569,1.39%,1305131.679,1387734.03,-82602.35179,-5.95%,,,,,,,,,,,,,,
2025/05/22,245160,246504,-1344,-0.55%,1034901.638,1141229.59,-106327.952,-9.32%,34476.38021,34785.09016,-308.7099493,-0.89%,1280062.008,1387734.03,-107672.022,-7.76%,,,,,,,,,,,,,,
2025/05/23,242579,246504,-3926,-1.59%,1046366.244,1141229.59,-94863.3459,-8.31%,34792.82057,34785.09016,7.730408915,0.02%,1288945.084,1387734.03,-98788.9459,-7.12%,,,,,,,,,,,,,,
2025/05/24,241637,246504,-4868,-1.97%,1036026.275,1141229.59,-105203.3158,-9.22%,34602.83811,34785.09016,-182.2520478,-0.52%,1277662.825,1387734.03,-110071.2058,-7.93%,,,,,,,,,,,,,,
2025/05/27,241298,246504,-5207,-2.11%,1035662.945,1141229.59,-105566.6456,-9.25%,34602.83811,34785.09016,-182.2520478,-0.52%,1276960.645,1387734.03,-110773.3856,-7.98%,,,,,,,,,,,,,,
2025/05/28,239322,246504,-7182,-2.91%,1069693.478,1141229.59,-71536.11266,-6.27%,35729.70897,34785.09016,944.6188121,2.72%,1309015.738,1387734.03,-78718.29266,-5.67%,,,,,,,,,,,,,,
2025/05/29,239838,246504,-6666,-2.70%,1062256.99,1141229.59,-78972.60023,-6.92%,35446.96722,34785.09016,661.8770553,1.90%,1302095.43,1387734.03,-85638.60023,-6.17%,,,,,,,,,,,,,,
2025/05/30,240516,246504,-5989,-2.43%,1064695.447,1141229.59,-76534.14327,-6.71%,35660.67511,34785.09016,875.5849502,2.52%,1305210.987,1387734.03,-82523.04327,-5.95%,,,,,,,,,,,,,,
2025/06/02,240516,246504,-5989,-2.43%,1059129.787,1141229.59,-82099.80323,-7.19%,35424.29652,34785.09016,639.2063586,1.84%,1299645.327,1387734.03,-88088.70323,-6.35%,,,,,,,,,,,,,,
2025/06/03,235392,246504,-11112,-4.51%,1073356.653,1141229.59,-67872.93734,-5.95%,35809.6037,35085.69016,723.9135349,2.06%,1308748.603,1387734.03,-78985.42734,-5.69%,,,,,,,,,,,,,,
2025/06/05,242323,246504,-4182,-1.70%,1071255.028,1141229.59,-69974.5623,-6.13%,35797.76505,35085.69016,712.0748857,2.03%,1313577.898,1387734.03,-74156.1323,-5.34%,,,,,,,,,,,,,,
2025/06/06,242660,246504,-3845,-1.56%,1006866.701,1148217.992,-141351.2909,-12.31%,33624.76544,34997.99016,-1373.224718,-3.92%,1249526.291,1394722.432,-145196.1409,-10.41%,,,,,,,,,,,,,,
2025/06/09,243031,246504,-3474,-1.41%,1029974.717,1148217.992,-118243.2753,-10.30%,34406.11966,34997.99016,-591.8704999,-1.69%,1273005.357,1394722.432,-121717.0753,-8.73%,,,,,,,,,,,,,,
2025/06/10,245169,246504,-1336,-0.54%,1044081.212,1148217.992,-104136.7803,-9.07%,34887.83338,34997.99016,-110.1567843,-0.31%,1289249.902,1394722.432,-105472.5303,-7.56%,,,,,,,,,,,,,,
2025/06/11,251079,246504,4574,1.86%,1064239.575,1148217.992,-83978.41694,-7.31%,35599.26072,34997.99016,601.2705598,1.72%,1315318.325,1394722.432,-79404.10694,-5.69%,,,,,,,,,,,,,,
2025/06/12,251253,246504,4749,1.93%,1059889.189,1148217.992,-88328.80334,-7.69%,35511.58727,34997.99016,513.5971108,1.47%,1311142.169,1394722.432,-83580.26334,-5.99%,,,,,,,,,,,,,,
2025/06/13,251157,246504,4652,1.89%,1041286.762,1148217.992,-106931.2306,-9.31%,35281.59653,34997.99016,283.606372,0.81%,1292443.282,1394722.432,-102279.1506,-7.33%,,,,,,,,,,,,,,
2025/06/16,250949,246504,4445,1.80%,1021428.018,1129340.444,-107912.426,-9.56%,34593.0296,34422.89016,170.1394372,0.49%,1272377.388,1375844.884,-103467.496,-7.52%,,,,,,,,,,,,,,
2025/06/17,251034,246504,4529,1.84%,1022784.531,1129340.444,-106555.9133,-9.44%,35107.4222,34422.89016,684.5320412,1.99%,1273818.211,1375844.884,-102026.6733,-7.42%,,,,,,,,,,,,,,
2025/06/18,251112,246504,4607,1.87%,1024413.365,1129340.444,-104927.079,-9.29%,34547.75093,34422.89016,124.8607671,0.36%,1275524.875,1375844.884,-100320.009,-7.29%,,,,,,,,,,,,,,
2025/06/19,253016,246504,6511,2.64%,1027947.489,1129340.444,-101392.955,-8.98%,34789.19693,34422.89016,366.3067688,1.06%,1280963.329,1375844.884,-94881.55497,-6.90%,,,,,,,,,,,,,,
2025/06/20,250706,246504,4202,1.70%,1020602.248,1129340.444,-108738.1963,-9.63%,34788.31693,34422.89016,365.4267688,1.06%,1271308.378,1375844.884,-104536.5063,-7.60%,,,,,,,,,,,,,,
2025/06/23,250247,246504,3743,1.52%,1026940.623,1129340.444,-102399.8214,-9.07%,34545.13911,34422.89016,122.248949,0.36%,1277187.793,1375844.884,-98657.09138,-7.17%,,,,,,,,,,,,,,
2025/06/24,248354,246504,1850,0.75%,1056078.618,1129340.444,-73261.82612,-6.49%,35607.35757,34422.89016,1184.467409,3.44%,1304432.898,1375844.884,-71411.98612,-5.19%,,,,,,,,,,,,,,
2025/06/25,252762,246504,6258,2.54%,1053017.349,1129340.444,-76323.09491,-6.76%,35733.17461,34422.89016,1310.284452,3.81%,1305779.779,1375844.884,-70065.10491,-5.09%,,,,,,,,,,,,,,
2025/06/26,256072,246504,9568,3.88%,1052461.036,1154057.526,-101596.4896,-8.80%,35838.35061,35175.89016,662.4604449,1.88%,1308533.386,1400561.966,-92028.57964,-6.57%,,,,,,,,,,,,,,
2025/06/27,256211,246504,9707,3.94%,1049923.007,1154057.526,-104134.5188,-9.02%,35973.14518,35175.89016,797.2550158,2.27%,1306134.427,1400561.966,-94427.53878,-6.74%,,,,,,,,,,,,,,
2025/06/30,256507,246504,10003,4.06%,1046642.122,1154057.526,-107415.4037,-9.31%,35958.3099,35175.89016,782.4197426,2.22%,1303149.432,1400561.966,-97412.53366,-6.96%,,,,,,,,,,,,,,
2025/07/01,256962,246504,10458,4.24%,1049302.179,1154057.526,-104755.3466,-9.08%,35956.5637,35175.89016,780.6735377,2.22%,1306264.369,1400561.966,-94297.59662,-6.73%,,,,,,,,,,,,,,
2025/07/02,258317,246504,11813,4.79%,1028525.632,1155528.077,-127002.4457,-10.99%,35191.06137,35220.69016,-29.62878728,-0.08%,1286842.572,1402032.517,-115189.9457,-8.22%,,,,,,,,,,,,,,
2025/07/03,258373,246504,11869,4.81%,1045897.268,1155528.077,-109630.8092,-9.49%,36080.23435,35220.69016,859.5441871,2.44%,1304270.288,1402032.517,-97762.2292,-6.97%,,,,,,,,,,,,,,
2025/07/04,261521,246504,15017,6.09%,1048409.111,1155528.077,-107118.9665,-9.27%,36236.77212,35220.69016,1016.081962,2.88%,1309930.181,1402032.517,-92102.33651,-6.57%,,,,,,,,,,,,,,
2025/07/07,259321,246504,12816,5.20%,1047822.195,1155528.077,-107705.8826,-9.32%,36236.77212,35220.69016,1016.081962,2.88%,1307143.035,1402032.517,-94889.48264,-6.77%,,,,,,,,,,,,,,
2025/07/08,258007,246504,11503,4.67%,1023905.563,1155528.077,-131622.5142,-11.39%,35205.236,35220.69016,-15.45416678,-0.04%,1281912.953,1402032.517,-120119.5642,-8.57%,,,,,,,,,,,,,,
2025/07/09,256869,246504,10364,4.20%,1028267.998,1155528.077,-127260.0796,-11.01%,35303.15715,35220.69016,82.46698931,0.23%,1285136.608,1402032.517,-116895.9096,-8.34%,,,,,,,,,,,,,,
2025/07/10,259251,246504,12747,5.17%,1068159.391,1155528.077,-87368.68604,-7.56%,36558.27854,35220.69016,1337.588381,3.80%,1327410.661,1402032.517,-74621.85604,-5.32%,,,,,,,,,,,,,,
2025/07/11,262029,246504,15524,6.30%,1084439.939,1155528.077,-71088.13837,-6.15%,37062.83867,35220.69016,1842.148506,5.23%,1346468.659,1402032.517,-55563.85837,-3.96%,,,,,,,,,,,,,,
2025/07/14,263069,246504,16564,6.72%,1088896.911,1155528.077,-66631.16661,-5.77%,37235.51937,35220.69016,2014.829209,5.72%,1351965.761,1402032.517,-50066.75661,-3.57%,,,,,,,,,,,,,,
2025/07/15,261620,246504,15116,6.13%,1103673.688,1155528.077,-51854.38897,-4.49%,37594.53613,35220.69016,2373.84597,6.74%,1365293.698,1402032.517,-36738.81897,-2.62%,,,,,,,,,,,,,,
2025/07/16,265015,246504,18511,7.51%,1094887.494,1155528.077,-60640.58329,-5.25%,37251.84994,35220.69016,2031.159773,5.77%,1359902.664,1402032.517,-42129.85329,-3.00%,,,,,,,,,,,,,,
2025/07/17,266849,246504,20345,8.25%,1110197.896,1155528.077,-45330.18134,-3.92%,37729.37605,35220.69016,2508.685891,7.12%,1377046.846,1402032.517,-24985.67134,-1.78%,,,,,,,,,,,,,,
2025/07/18,268297,246504,21792,8.84%,1111957.901,1155528.077,-43570.17602,-3.77%,37781.6163,35220.69016,2560.926136,7.27%,1380254.411,1402032.517,-21778.10602,-1.55%,,,,,,,,,,,,,,
2025/07/21,271900,246504,25395,10.30%,1124056.122,1155528.077,-31471.95489,-2.72%,38242.31144,35220.69016,3021.621277,8.58%,1395955.892,1402032.517,-6076.624893,-0.43%,,,,,,,,,,,,,,
2025/07/22,269363,246504,22859,9.27%,1122099.07,1155528.077,-33429.00777,-2.89%,38226.31488,35220.69016,3005.624717,8.53%,1391462.13,1402032.517,-10570.38777,-0.75%,,,,,,,,,,,,,,
2025/07/23,267538,246504,21033,8.53%,1125963.167,1155528.077,-29564.91007,-2.56%,38311.88004,35220.69016,3091.189879,8.78%,1393501.007,1402032.517,-8531.510073,-0.61%,,,,,,,,,,,,,,
2025/07/24,269841,246504,23337,9.47%,1130329.224,1155528.077,-25198.85302,-2.18%,38526.51425,35220.69016,3305.824087,9.39%,1400170.264,1402032.517,-1862.253018,-0.13%,,,,,,,,,,,,,,
2025/07/25,269841,246504,23337,9.47%,1101167.894,1155528.077,-54360.18291,-4.70%,37462.20821,35220.69016,2241.518051,6.36%,1371008.934,1402032.517,-31023.58291,-2.21%,,,,,,,,,,,,,,
2025/07/28,269423,246504,22918,9.30%,1156571.239,1197077.61,-40506.37042,-3.38%,39223.10118,36486.48676,2736.614414,7.50%,1425993.919,1443582.05,-17588.13042,-1.22%,,,,,,,,,,,,,,
2025/07/30,267423,246504,20918,8.49%,1169068.465,1192836.077,-23767.61265,-1.99%,39370.27444,36486.48676,2883.787678,7.90%,1436491.215,1439340.517,-2849.302653,-0.20%,,,,,,,,,,,,,,
2025/07/31,269964,246504,23459,9.52%,1172890.547,1192836.077,-19945.53002,-1.67%,39331.03132,36486.48676,2844.544558,7.80%,1442854.077,1439340.517,3513.559985,0.24%,,,,,,,,,,,,,,
2025/08/01,272725,246504,26221,10.64%,1163550.135,1192836.077,-29285.94248,-2.46%,38891.3074,36486.48676,2404.820641,6.59%,1436275.435,1439340.517,-3065.08248,-0.21%,,,,,,,,,,,,,,
2025/08/02,270404,246504,23900,9.70%,1147730.087,1192836.077,-45105.99034,-3.78%,38590.96688,36486.48676,2104.480122,5.77%,1418134.087,1439340.517,-21206.43034,-1.47%,,,,,,,,,,,,,,
2025/08/05,268814,246504,22309,9.05%,1181371.591,1192836.077,-11464.48614,-0.96%,39507.98075,36486.48676,3021.493989,8.28%,1450185.431,1439340.517,10844.91386,0.75%,,,,,,,,,,,,,,
2025/08/06,272230,246504,25725,10.44%,1179907.315,1192836.077,-12928.76268,-1.08%,39411.95795,36486.48676,2925.471187,8.02%,1452137.015,1439340.517,12796.49732,0.89%,,,,,,,,,,,,,,
2025/08/07,270058,246504,23553,9.55%,1211027.407,1192836.077,18191.32949,1.53%,40453.20618,36486.48676,3966.719419,10.87%,1481084.977,1439340.517,41744.45949,2.90%,,,,,,,,,,,,,,
2025/08/08,276890,246504,30386,12.33%,1209953.4,1192836.077,17117.32262,1.44%,40605.73335,36486.48676,4119.246585,11.29%,1486843.83,1439340.517,47503.31262,3.30%,,,,,,,,,,,,,,
2025/08/11,276928,246504,30423,12.34%,1230982.676,1192836.077,38146.59891,3.20%,41213.42316,36486.48676,4726.936396,12.96%,1507910.456,1439340.517,68569.93891,4.76%,,,,,,,,,,,,,,
2025/08/12,278908,246504,32404,13.15%,1248015.066,1192836.077,55178.98893,4.63%,41657.99024,36486.48676,5171.503474,14.17%,1526923.186,1439340.517,87582.66893,6.08%,,,,,,,,,,,,,,
2025/08/13,279114,246504,32610,13.23%,1257541.044,1192836.077,64704.96703,5.42%,42063.30183,36486.48676,5576.815066,15.28%,1536655.464,1439340.517,97314.94703,6.76%,,,,,,,,,,,,,,
2025/08/14,281310,246504,34805,14.12%,1262643.269,1192836.077,69807.19184,5.85%,42155.29003,36486.48676,5668.80327,15.54%,1543953.169,1439340.517,104612.6518,7.27%,,,,,,,,,,,,,,
2025/08/15,280375,246504,33870,13.74%,1263428.727,1192836.077,70592.64995,5.92%,41983.58202,36486.48676,5497.095263,15.07%,1543803.257,1439340.517,104462.74,7.26%,,,,,,,,,,,,,,
2025/08/16,280349,246504,33845,13.73%,1251790.611,1192836.077,58954.53344,4.94%,41699.94373,36486.48676,5213.456967,14.29%,1532140.041,1439340.517,92799.52344,6.45%,,,,,,,,,,,,,,
2025/08/19,280570,246504,34066,13.82%,1256714.938,1192836.077,63878.86034,5.36%,41822.75677,36486.48676,5336.270005,14.63%,1537285.148,1439340.517,97944.63034,6.80%,,,,,,,,,,,,,,
2025/08/20,280026,246504,33521,13.60%,1233218.062,1192836.077,40381.98448,3.39%,40932.48701,36486.48676,4446.000246,12.19%,1513243.802,1439340.517,73903.28448,5.13%,,,,,,,,,,,,,,
2025/08/21,272706,246504,26201,10.63%,1226520.74,1192836.077,33684.66232,2.82%,40484.97773,36486.48676,3998.490963,10.96%,1499226.39,1439340.517,59885.87232,4.16%,,,,,,,,,,,,,,
2025/08/22,274211,246504,27707,11.24%,1226425.628,1192836.077,33589.55027,2.82%,40172.49124,36486.48676,3686.004481,10.10%,1500636.588,1439340.517,61296.07027,4.26%,,,,,,,,,,,,,,
2025/08/25,272944,246504,26440,10.73%,1260388.654,1192836.077,67552.57675,5.66%,41394.92885,36486.48676,4908.442087,13.45%,1533333.044,1439340.517,93992.52675,6.53%,,,,,,,,,,,,,,
2025/08/26,277723,246504,31219,12.66%,1270406.62,1192836.077,77570.54286,6.50%,41586.54474,36486.48676,5100.057978,13.98%,1548129.62,1439340.517,108789.1029,7.56%,,,,,,,,,,,,,,
2025/08/27,256803,224329,32474,14.48%,1281913.225,1192836.077,89077.14786,7.47%,41944.81447,36486.48676,5458.327703,14.96%,1538715.875,1417164.897,121550.9779,8.58%,,,,,,,,,,,,,,
2025/08/28,258099,224329,33771,15.05%,1277120.31,1192836.077,84284.23252,7.07%,41749.61214,36486.48676,5263.125383,14.42%,1535219.71,1417164.897,118054.8125,8.33%,,,,,,,,,,,,,,
2025/08/29,255729,224329,31401,14.00%,1277349.562,1192836.077,84513.48431,7.09%,41863.70527,36486.48676,5377.218511,14.74%,1533078.962,1417164.897,115914.0643,8.18%,,,,,,,,,,,,,,
2025/09/01,255815,224329,31486,14.04%,1255385.205,1192836.077,62549.12775,5.24%,41058.54067,36486.48676,4572.053913,12.53%,1511200.505,1417164.897,94035.60775,6.64%,,,,,,,,,,,,,,
2025/09/02,253387,224329,29058,12.95%,1258309.07,1192836.077,65472.99255,5.49%,41056.54067,36486.48676,4570.053913,12.53%,1511696.17,1417164.897,94531.27255,6.67%,,,,,,,,,,,,,,
2025/09/03,253153,224329,28824,12.85%,1268494.681,1197325.363,71169.31793,5.94%,41348.00204,36623.25177,4724.750271,12.90%,1521647.931,1421654.183,99993.74793,7.03%,,,,,,,,,,,,,,
2025/09/04,253153,224329,28824,12.85%,1265814.167,1197325.363,68488.80412,5.72%,41182.11207,36623.25177,4558.860298,12.45%,1518967.417,1421654.183,97313.23412,6.85%,,,,,,,,,,,,,,
2025/09/05,254836,224329,30507,13.60%,1280583.385,1197325.363,83258.02262,6.95%,41711.59742,36623.25177,5088.345654,13.89%,1535419.435,1421654.183,113765.2526,8.00%,,,,,,,,,,,,,,
2025/09/08,257479,224329,33150,14.78%,1289584.712,1197325.363,92259.34941,7.71%,42280.77284,36623.25177,5657.521073,15.45%,1547063.362,1421654.183,125409.1794,8.82%,,,,,,,,,,,,,,
2025/09/09,259763,224329,35434,15.80%,1277141.979,1197325.363,79816.61637,6.67%,42082.12447,36623.25177,5458.872698,14.91%,1536905.179,1421654.183,115250.9964,8.11%,,,,,,,,,,,,,,
2025/09/10,262283,224329,37954,16.92%,1289195.833,1197325.363,91870.47027,7.67%,42454.13405,36623.25177,5830.882286,15.92%,1551478.783,1421654.183,129824.6003,9.13%,,,,,,,,,,,,,,
2025/09/11,267157,224329,42828,19.09%,1296157.634,1197325.363,98832.27175,8.25%,42835.44183,36623.25177,6212.190063,16.96%,1563314.734,1421654.183,141660.5518,9.96%,,,,,,,,,,,,,,
2025/09/12,269480,224329,45151,20.13%,1332262.984,1197325.363,134937.6212,11.27%,43961.68082,36623.25177,7338.429048,20.04%,1601742.484,1421654.183,180088.3012,12.67%,,,,,,,,,,,,,,
2025/09/15,272044,224329,47715,21.27%,1373469.213,1197325.363,176143.8506,14.71%,45329.16654,36623.25177,8705.914772,23.77%,1645513.063,1421654.183,223858.8806,15.75%,,,,,,,,,,,,,,
2025/09/16,272120,224329,47791,21.30%,1398297.984,1197325.363,200972.6213,16.79%,46283.03403,36623.25177,9659.782262,26.38%,1670418.284,1421654.183,248764.1013,17.50%,,,,,,,,,,,,,,
2025/09/18,273712,224329,49383,22.01%,1413031.882,1197325.363,215706.519,18.02%,46955.36024,36623.25177,10332.10847,28.21%,1686743.732,1421654.183,265089.549,18.65%,,,,,,,,,,,,,,
2025/09/19,276598,224329,52269,23.30%,1411473.133,1197325.363,214147.7699,17.89%,46845.18421,36623.25177,10221.93244,27.91%,1688071.033,1421654.183,266416.8499,18.74%,,,,,,,,,,,,,,
2025/09/22,276875,224329,52546,23.42%,1434191.955,1197325.363,236866.5919,19.78%,47408.17597,36623.25177,10784.9242,29.45%,1711067.255,1421654.183,289413.0719,20.36%,,,,,,,,,,,,,,
2025/09/23,278870,224329,54541,24.31%,1446913.037,1197325.363,249587.6745,20.85%,47865.06458,36623.25177,11241.81281,30.70%,1725782.887,1421654.183,304128.7045,21.39%,,,,,,,,,,,,,,
2025/09/24,283782,224329,59453,26.50%,1422255.301,1197325.363,224929.9388,18.79%,46968.88613,36623.25177,10345.63436,28.25%,1706036.801,1421654.183,284382.6188,20.00%,,,,,,,,,,,,,,
2025/09/25,283517,224329,59188,26.38%,1452072.274,1197325.363,254746.9113,21.28%,47791.00919,36623.25177,11167.75742,30.49%,1735589.174,1421654.183,313934.9913,22.08%,,,,,,,,,,,,,,
2025/09/26,282588,224329,58259,25.97%,1423814.339,1197325.363,226488.9768,18.92%,46569.90614,36623.25177,9946.654375,27.16%,1706402.039,1421654.183,284747.8568,20.03%,,,,,,,,,,,,,,
2025/09/29,278152,224329,53823,23.99%,1449083.863,1197325.363,251758.5002,21.03%,47544.46127,36623.25177,10921.2095,29.82%,1727235.713,1421654.183,305581.5302,21.49%,,,,,,,,,,,,,,
2025/09/30,278152,224329,53823,23.99%,1459035.507,1197325.363,261710.1448,21.86%,47880.73057,36623.25177,11257.4788,30.74%,1737187.357,1421654.183,315533.1748,22.19%,,,,,,,,,,,,,,
2025/10/01,280829,224329,56500,25.19%,1491209.895,1230701.629,260508.2659,21.17%,48961.16294,37640.05177,11321.11117,30.08%,1772038.695,1455030.449,317008.2459,21.79%,,,,,,,,,,,,,,
2025/10/02,282159,224329,57830,25.78%,1508015.279,1230701.629,277313.6501,22.53%,49491.96679,37640.05177,11851.91503,31.49%,1790174.029,1455030.449,335143.5801,23.03%,,,,,,,,,,,,,,
2025/10/03,287384,224329,63055,28.11%,1474264.121,1230701.629,243562.4925,19.79%,48372.05428,37640.05177,10732.00251,28.51%,1761648.171,1455030.449,306617.7225,21.07%,,,,,,,,,,,,,,
2025/10/04,291399,224329,67070,29.90%,1456302.708,1228415.363,227887.3455,18.55%,47918.0925,37640.05177,10278.04073,27.31%,1747701.908,1452744.183,294957.7255,20.30%,,,,,,,,,,,,,,
2025/10/07,299021,224329,74692,33.30%,1508373.791,1232093.1,276280.691,22.42%,49536.89851,37749.61837,11787.28015,31.22%,1807394.791,1456421.92,350972.871,24.10%,,,,,,,,,,,,,,
2025/10/08,299021,224329,74692,33.30%,1480801.61,1232093.1,248708.5097,20.19%,48443.97804,37749.61837,10694.35967,28.33%,1779822.61,1456421.92,323400.6897,22.21%,,,,,,,,,,,,,,
2025/10/09,296466,224329,72137,32.16%,1493591.36,1237653.74,255937.6201,20.68%,48905.90929,37919.00837,10986.90093,28.97%,1790057.26,1461982.56,328074.7001,22.44%,,,,,,,,,,,,,,
2025/10/11,298690,224329,74361,33.15%,1427647.583,1237653.74,189993.8431,15.35%,46685.97473,37919.00837,8766.966366,23.12%,1726337.583,1461982.56,264355.0231,18.08%,,,,,,,,,,,,,,
2025/10/12,298690,224329,74361,33.15%,1427647.583,1237653.74,189993.8431,15.35%,46685.97473,37919.00837,8766.966366,23.12%,1726337.583,1461982.56,264355.0231,18.08%,,,,,,,,,,,,,,
2025/10/13,298690,224329,74361,33.15%,1433196.026,1237653.74,195542.2861,15.80%,46683.90965,37919.00837,8764.901287,23.11%,1731886.026,1461982.56,269903.4661,18.46%,,,,,,,,,,,,,,
2025/10/16,299457,224329,75128,33.49%,1438968.124,1200345.74,238622.3833,19.88%,47006.82165,36655.75377,10351.06788,28.24%,1738424.874,1424674.56,313750.3133,22.02%,,,,,,,,,,,,,,
2025/10/17,305014,224329,80685,35.97%,1424602.753,1200345.74,224257.0127,18.68%,46519.63355,36655.75377,9863.879784,26.91%,1729617.053,1424674.56,304942.4927,21.40%,,,,,,,,,,,,,,
2025/10/20,299380,240416,58964,24.53%,1440970.323,1200345.74,240624.583,20.05%,47027.82967,36655.75377,10372.0759,28.30%,1740350.223,1440761.56,299588.663,20.79%,,,,,,,,,,,,,,
2025/10/21,305100,240416,64684,26.90%,1464357.299,1200345.74,264011.5591,21.99%,47774.40906,36655.75377,11118.65529,30.33%,1769456.899,1440761.56,328695.3391,22.81%,,,,,,,,,,,,,,
2025/10/22,302527,240416,62111,25.83%,1440069.921,1200345.74,239724.1811,19.97%,46862.02091,36655.75377,10206.26714,27.84%,1742596.971,1440761.56,301835.4111,20.95%,,,,,,,,,,,,,,
2025/10/23,302527,240416,62111,25.83%,1445331.274,1200345.74,244985.5332,20.41%,46987.3626,36655.75377,10331.60883,28.19%,1747858.324,1440761.56,307096.7632,21.31%,,,,,,,,,,,,,,
2025/10/24,300724,240416,60308,25.08%,1470141.447,1200345.74,269795.7072,22.48%,47763.65592,36655.75377,11107.90215,30.30%,1770864.997,1440761.56,330103.4372,22.91%,,,,,,,,,,,,,,
2025/10/25,300724,240416,60308,25.08%,1461998.261,1200345.74,261652.5203,21.80%,47499.09065,36655.75377,10843.33688,29.58%,1762721.811,1440761.56,321960.2503,22.35%,,,,,,,,,,,,,,
2025/10/28,307598,240416,67182,27.94%,1498657.075,1200345.74,298311.335,24.85%,48929.66996,36655.75377,12273.91619,33.48%,1806254.725,1440761.56,365493.165,25.37%,,,,,,,,,,,,,,
2025/10/29,311023,240416,70608,29.37%,1514758.846,1200345.74,314413.106,26.19%,49473.14459,36655.75377,12817.39082,34.97%,1825782.246,1440761.56,385020.686,26.72%,,,,,,,,,,,,,,
2025/10/30,311023,240416,70608,29.37%,1522458.628,1200345.74,322112.8874,26.84%,49680.16615,36655.75377,13024.41238,35.53%,1833482.028,1440761.56,392720.4674,27.26%,,,,,,,,,,,,,,
2025/10/31,311113,240416,70697,29.41%,1472902.335,1200345.74,272556.5945,22.71%,47905.96197,36655.75377,11250.2082,30.69%,1784014.885,1440761.56,343253.3245,23.82%,,,,,,,,,,,,,,
2025/11/01,312135,240416,71719,29.83%,1509301.009,1200345.74,308955.2687,25.74%,49063.01533,36655.75377,12407.26156,33.85%,1821435.709,1440761.56,380674.1487,26.42%,,,,,,,,,,,,,,
2025/11/04,310348,240416,69932,29.09%,1539144.912,1200345.74,338799.1717,28.23%,49787.9573,36655.75377,13132.20353,35.83%,1849492.762,1440761.56,408731.2017,28.37%,,,,,,,,,,,,,,
2025/11/05,309349,240416,68933,28.67%,1475184.334,1200345.74,274838.5933,22.90%,47671.93956,36655.75377,11016.18579,30.05%,1784533.084,1440761.56,343771.5233,23.86%,,,,,,,,,,,,,,
2025/11/06,304367,240416,63951,26.60%,1505131.212,1200345.74,304785.4719,25.39%,48695.40725,36655.75377,12039.65348,32.85%,1809497.962,1440761.56,368736.4019,25.59%,,,,,,,,,,,,,,
2025/11/07,305254,240416,64838,26.97%,1459738.992,1200345.74,259393.2519,21.61%,47098.83788,36655.75377,10443.08411,28.49%,1764993.242,1440761.56,324231.6819,22.50%,,,,,,,,,,,,,,
2025/11/10,302118,240416,61702,25.66%,1438236.159,1200345.74,237890.4184,19.82%,46426.16478,36655.75377,9770.411011,26.65%,1740354.259,1440761.56,299592.6984,20.79%,,,,,,,,,,,,,,
2025/11/11,305747,240416,65331,27.17%,1487170.499,1200345.74,286824.7586,23.90%,48004.21236,36655.75377,11348.45859,30.96%,1792917.299,1440761.56,352155.7386,24.44%,,,,,,,,,,,,,,
2025/11/13,305360,240416,64944,27.01%,1459518.361,1200345.74,259172.6209,21.59%,46967.30387,36655.75377,10311.5501,28.13%,1764878.211,1440761.56,324116.6509,22.50%,,,,,,,,,,,,,,
2025/11/14,303620,240416,63204,26.29%,1395018.332,1200345.74,194672.5919,16.22%,44809.35659,36655.75377,8153.602824,22.24%,1698637.982,1440761.56,257876.4219,17.90%,,,,,,,,,,,,,,
2025/11/15,297698,240416,57282,23.83%,1377910.489,1200345.74,177564.7482,14.79%,45074.68191,36655.75377,8418.928138,22.97%,1675608.439,1440761.56,234846.8782,16.30%,,,,,,,,,,,,,,
2025/11/18,299174,240416,58758,24.44%,1318166.163,1111114.85,207051.3128,18.63%,42264.22272,33937.57377,8326.648951,24.54%,1617340.313,1351530.67,265809.6428,19.67%,,,,,,,,,,,,,,
2025/11/19,291898,240416,51483,21.41%,1297969.582,1111114.85,186854.7316,16.82%,41680.28234,33937.57377,7742.708573,22.81%,1589867.982,1351530.67,238337.3116,17.63%,,,,,,,,,,,,,,
2025/11/20,289886,240416,49470,20.58%,1307924.18,1111114.85,196809.3296,17.71%,41898.2205,33937.57377,7960.646733,23.46%,1597809.68,1351530.67,246279.0096,18.22%,,,,,,,,,,,,,,
,,,,,,,,,,,,,,,,,,,,,,,,,,,,,,
,,,,,,,,,,,,,,,,,,,,,,,,,,,,,,
,,,,,,,,,,,,,,,,,,,,,,,,,,,,,,
,,,,,,,,,,,,,,,,,,,,,,,,,,,,,,
,,,,,,,,,,,,,,,,,,,,,,,,,,,,,,
,,,,,,,,,,,,,,,,,,,,,,,,,,,,,,
,,,,,,,,,,,,,,,,,,,,,,,,,,,,,,
,,,,,,,,,,,,,,,,,,,,,,,,,,,,,,
,,,,,,,,,,,,,,,,,,,,,,,,,,,,,,
,,,,,,,,,,,,,,,,,,,,,,,,,,,,,,
,,,,,,,,,,,,,,,,,,,,,,,,,,,,,,
,,,,,,,,,,,,,,,,,,,,,,,,,,,,,,
,,,,,,,,,,,,,,,,,,,,,,,,,,,,,,
,,,,,,,,,,,,,,,,,,,,,,,,,,,,,,
,,,,,,,,,,,,,,,,,,,,,,,,,,,,,,
,,,,,,,,,,,,,,,,,,,,,,,,,,,,,,
,,,,,,,,,,,,,,,,,,,,,,,,,,,,,,
,,,,,,,,,,,,,,,,,,,,,,,,,,,,,,
,,,,,,,,,,,,,,,,,,,,,,,,,,,,,,
,,,,,,,,,,,,,,,,,,,,,,,,,,,,,,
,,,,,,,,,,,,,,,,,,,,,,,,,,,,,,
,,,,,,,,,,,,,,,,,,,,,,,,,,,,,,
,,,,,,,,,,,,,,,,,,,,,,,,,,,,,,
,,,,,,,,,,,,,,,,,,,,,,,,,,,,,,
,,,,,,,,,,,,,,,,,,,,,,,,,,,,,,
,,,,,,,,,,,,,,,,,,,,,,,,,,,,,,
,,,,,,,,,,,,,,,,,,,,,,,,,,,,,,
,,,,,,,,,,,,,,,,,,,,,,,,,,,,,,
,,,,,,,,,,,,,,,,,,,,,,,,,,,,,,
,,,,,,,,,,,,,,,,,,,,,,,,,,,,,,
,,,,,,,,,,,,,,,,,,,,,,,,,,,,,,
,,,,,,,,,,,,,,,,,,,,,,,,,,,,,,
,,,,,,,,,,,,,,,,,,,,,,,,,,,,,,
,,,,,,,,,,,,,,,,,,,,,,,,,,,,,,
,,,,,,,,,,,,,,,,,,,,,,,,,,,,,,
,,,,,,,,,,,,,,,,,,,,,,,,,,,,,,
,,,,,,,,,,,,,,,,,,,,,,,,,,,,,,
,,,,,,,,,,,,,,,,,,,,,,,,,,,,,,
,,,,,,,,,,,,,,,,,,,,,,,,,,,,,,
,,,,,,,,,,,,,,,,,,,,,,,,,,,,,,
,,,,,,,,,,,,,,,,,,,,,,,,,,,,,,
,,,,,,,,,,,,,,,,,,,,,,,,,,,,,,
,,,,,,,,,,,,,,,,,,,,,,,,,,,,,,
,,,,,,,,,,,,,,,,,,,,,,,,,,,,,,
,,,,,,,,,,,,,,,,,,,,,,,,,,,,,,
,,,,,,,,,,,,,,,,,,,,,,,,,,,,,,
,,,,,,,,,,,,,,,,,,,,,,,,,,,,,,
,,,,,,,,,,,,,,,,,,,,,,,,,,,,,,
,,,,,,,,,,,,,,,,,,,,,,,,,,,,,,
,,,,,,,,,,,,,,,,,,,,,,,,,,,,,,
,,,,,,,,,,,,,,,,,,,,,,,,,,,,,,
,,,,,,,,,,,,,,,,,,,,,,,,,,,,,,
,,,,,,,,,,,,,,,,,,,,,,,,,,,,,,
,,,,,,,,,,,,,,,,,,,,,,,,,,,,,,
,,,,,,,,,,,,,,,,,,,,,,,,,,,,,,
,,,,,,,,,,,,,,,,,,,,,,,,,,,,,,
,,,,,,,,,,,,,,,,,,,,,,,,,,,,,,
,,,,,,,,,,,,,,,,,,,,,,,,,,,,,,
,,,,,,,,,,,,,,,,,,,,,,,,,,,,,,
,,,,,,,,,,,,,,,,,,,,,,,,,,,,,,
,,,,,,,,,,,,,,,,,,,,,,,,,,,,,,
,,,,,,,,,,,,,,,,,,,,,,,,,,,,,,
,,,,,,,,,,,,,,,,,,,,,,,,,,,,,,
,,,,,,,,,,,,,,,,,,,,,,,,,,,,,,
,,,,,,,,,,,,,,,,,,,,,,,,,,,,,,
,,,,,,,,,,,,,,,,,,,,,,,,,,,,,,
,,,,,,,,,,,,,,,,,,,,,,,,,,,,,,
,,,,,,,,,,,,,,,,,,,,,,,,,,,,,,
,,,,,,,,,,,,,,,,,,,,,,,,,,,,,,
,,,,,,,,,,,,,,,,,,,,,,,,,,,,,,
,,,,,,,,,,,,,,,,,,,,,,,,,,,,,,
,,,,,,,,,,,,,,,,,,,,,,,,,,,,,,
,,,,,,,,,,,,,,,,,,,,,,,,,,,,,,
,,,,,,,,,,,,,,,,,,,,,,,,,,,,,,
,,,,,,,,,,,,,,,,,,,,,,,,,,,,,,
,,,,,,,,,,,,,,,,,,,,,,,,,,,,,,
,,,,,,,,,,,,,,,,,,,,,,,,,,,,,,
,,,,,,,,,,,,,,,,,,,,,,,,,,,,,,
,,,,,,,,,,,,,,,,,,,,,,,,,,,,,,
,,,,,,,,,,,,,,,,,,,,,,,,,,,,,,
,,,,,,,,,,,,,,,,,,,,,,,,,,,,,,
,,,,,,,,,,,,,,,,,,,,,,,,,,,,,,
,,,,,,,,,,,,,,,,,,,,,,,,,,,,,,
,,,,,,,,,,,,,,,,,,,,,,,,,,,,,,
,,,,,,,,,,,,,,,,,,,,,,,,,,,,,,
,,,,,,,,,,,,,,,,,,,,,,,,,,,,,,
,,,,,,,,,,,,,,,,,,,,,,,,,,,,,,
,,,,,,,,,,,,,,,,,,,,,,,,,,,,,,
,,,,,,,,,,,,,,,,,,,,,,,,,,,,,,
,,,,,,,,,,,,,,,,,,,,,,,,,,,,,,
,,,,,,,,,,,,,,,,,,,,,,,,,,,,,,
,,,,,,,,,,,,,,,,,,,,,,,,,,,,,,
,,,,,,,,,,,,,,,,,,,,,,,,,,,,,,
,,,,,,,,,,,,,,,,,,,,,,,,,,,,,,
,,,,,,,,,,,,,,,,,,,,,,,,,,,,,,
,,,,,,,,,,,,,,,,,,,,,,,,,,,,,,
,,,,,,,,,,,,,,,,,,,,,,,,,,,,,,
,,,,,,,,,,,,,,,,,,,,,,,,,,,,,,
,,,,,,,,,,,,,,,,,,,,,,,,,,,,,,
,,,,,,,,,,,,,,,,,,,,,,,,,,,,,,
,,,,,,,,,,,,,,,,,,,,,,,,,,,,,,
,,,,,,,,,,,,,,,,,,,,,,,,,,,,,,
,,,,,,,,,,,,,,,,,,,,,,,,,,,,,,
,,,,,,,,,,,,,,,,,,,,,,,,,,,,,,
,,,,,,,,,,,,,,,,,,,,,,,,,,,,,,
,,,,,,,,,,,,,,,,,,,,,,,,,,,,,,
,,,,,,,,,,,,,,,,,,,,,,,,,,,,,,
,,,,,,,,,,,,,,,,,,,,,,,,,,,,,,
,,,,,,,,,,,,,,,,,,,,,,,,,,,,,,
,,,,,,,,,,,,,,,,,,,,,,,,,,,,,,
,,,,,,,,,,,,,,,,,,,,,,,,,,,,,,
,,,,,,,,,,,,,,,,,,,,,,,,,,,,,,
,,,,,,,,,,,,,,,,,,,,,,,,,,,,,,
,,,,,,,,,,,,,,,,,,,,,,,,,,,,,,
,,,,,,,,,,,,,,,,,,,,,,,,,,,,,,
,,,,,,,,,,,,,,,,,,,,,,,,,,,,,,
,,,,,,,,,,,,,,,,,,,,,,,,,,,,,,
,,,,,,,,,,,,,,,,,,,,,,,,,,,,,,
,,,,,,,,,,,,,,,,,,,,,,,,,,,,,,
,,,,,,,,,,,,,,,,,,,,,,,,,,,,,,
,,,,,,,,,,,,,,,,,,,,,,,,,,,,,,
,,,,,,,,,,,,,,,,,,,,,,,,,,,,,,
,,,,,,,,,,,,,,,,,,,,,,,,,,,,,,
,,,,,,,,,,,,,,,,,,,,,,,,,,,,,,
,,,,,,,,,,,,,,,,,,,,,,,,,,,,,,
,,,,,,,,,,,,,,,,,,,,,,,,,,,,,,
,,,,,,,,,,,,,,,,,,,,,,,,,,,,,,
,,,,,,,,,,,,,,,,,,,,,,,,,,,,,,
,,,,,,,,,,,,,,,,,,,,,,,,,,,,,,
,,,,,,,,,,,,,,,,,,,,,,,,,,,,,,
,,,,,,,,,,,,,,,,,,,,,,,,,,,,,,
,,,,,,,,,,,,,,,,,,,,,,,,,,,,,,
,,,,,,,,,,,,,,,,,,,,,,,,,,,,,,
,,,,,,,,,,,,,,,,,,,,,,,,,,,,,,
,,,,,,,,,,,,,,,,,,,,,,,,,,,,,,
,,,,,,,,,,,,,,,,,,,,,,,,,,,,,,
,,,,,,,,,,,,,,,,,,,,,,,,,,,,,,
,,,,,,,,,,,,,,,,,,,,,,,,,,,,,,
,,,,,,,,,,,,,,,,,,,,,,,,,,,,,,
,,,,,,,,,,,,,,,,,,,,,,,,,,,,,,
,,,,,,,,,,,,,,,,,,,,,,,,,,,,,,
,,,,,,,,,,,,,,,,,,,,,,,,,,,,,,
,,,,,,,,,,,,,,,,,,,,,,,,,,,,,,
,,,,,,,,,,,,,,,,,,,,,,,,,,,,,,
,,,,,,,,,,,,,,,,,,,,,,,,,,,,,,
,,,,,,,,,,,,,,,,,,,,,,,,,,,,,,
,,,,,,,,,,,,,,,,,,,,,,,,,,,,,,
,,,,,,,,,,,,,,,,,,,,,,,,,,,,,,
,,,,,,,,,,,,,,,,,,,,,,,,,,,,,,
,,,,,,,,,,,,,,,,,,,,,,,,,,,,,,
,,,,,,,,,,,,,,,,,,,,,,,,,,,,,,
,,,,,,,,,,,,,,,,,,,,,,,,,,,,,,
,,,,,,,,,,,,,,,,,,,,,,,,,,,,,,
,,,,,,,,,,,,,,,,,,,,,,,,,,,,,,
,,,,,,,,,,,,,,,,,,,,,,,,,,,,,,
,,,,,,,,,,,,,,,,,,,,,,,,,,,,,,
,,,,,,,,,,,,,,,,,,,,,,,,,,,,,,
,,,,,,,,,,,,,,,,,,,,,,,,,,,,,,
,,,,,,,,,,,,,,,,,,,,,,,,,,,,,,
,,,,,,,,,,,,,,,,,,,,,,,,,,,,,,
,,,,,,,,,,,,,,,,,,,,,,,,,,,,,,
,,,,,,,,,,,,,,,,,,,,,,,,,,,,,,
,,,,,,,,,,,,,,,,,,,,,,,,,,,,,,
,,,,,,,,,,,,,,,,,,,,,,,,,,,,,,
,,,,,,,,,,,,,,,,,,,,,,,,,,,,,,
,,,,,,,,,,,,,,,,,,,,,,,,,,,,,,
,,,,,,,,,,,,,,,,,,,,,,,,,,,,,,
,,,,,,,,,,,,,,,,,,,,,,,,,,,,,,
,,,,,,,,,,,,,,,,,,,,,,,,,,,,,,
,,,,,,,,,,,,,,,,,,,,,,,,,,,,,,
,,,,,,,,,,,,,,,,,,,,,,,,,,,,,,
,,,,,,,,,,,,,,,,,,,,,,,,,,,,,,
,,,,,,,,,,,,,,,,,,,,,,,,,,,,,,
,,,,,,,,,,,,,,,,,,,,,,,,,,,,,,
,,,,,,,,,,,,,,,,,,,,,,,,,,,,,,
,,,,,,,,,,,,,,,,,,,,,,,,,,,,,,
,,,,,,,,,,,,,,,,,,,,,,,,,,,,,,
,,,,,,,,,,,,,,,,,,,,,,,,,,,,,,
,,,,,,,,,,,,,,,,,,,,,,,,,,,,,,
,,,,,,,,,,,,,,,,,,,,,,,,,,,,,,
,,,,,,,,,,,,,,,,,,,,,,,,,,,,,,
,,,,,,,,,,,,,,,,,,,,,,,,,,,,,,
,,,,,,,,,,,,,,,,,,,,,,,,,,,,,,
,,,,,,,,,,,,,,,,,,,,,,,,,,,,,,
,,,,,,,,,,,,,,,,,,,,,,,,,,,,,,
,,,,,,,,,,,,,,,,,,,,,,,,,,,,,,
,,,,,,,,,,,,,,,,,,,,,,,,,,,,,,
,,,,,,,,,,,,,,,,,,,,,,,,,,,,,,
,,,,,,,,,,,,,,,,,,,,,,,,,,,,,,
,,,,,,,,,,,,,,,,,,,,,,,,,,,,,,
,,,,,,,,,,,,,,,,,,,,,,,,,,,,,,
,,,,,,,,,,,,,,,,,,,,,,,,,,,,,,
,,,,,,,,,,,,,,,,,,,,,,,,,,,,,,
,,,,,,,,,,,,,,,,,,,,,,,,,,,,,,
,,,,,,,,,,,,,,,,,,,,,,,,,,,,,,
,,,,,,,,,,,,,,,,,,,,,,,,,,,,,,
,,,,,,,,,,,,,,,,,,,,,,,,,,,,,,
,,,,,,,,,,,,,,,,,,,,,,,,,,,,,,
,,,,,,,,,,,,,,,,,,,,,,,,,,,,,,
,,,,,,,,,,,,,,,,,,,,,,,,,,,,,,
,,,,,,,,,,,,,,,,,,,,,,,,,,,,,,
,,,,,,,,,,,,,,,,,,,,,,,,,,,,,,
,,,,,,,,,,,,,,,,,,,,,,,,,,,,,,
,,,,,,,,,,,,,,,,,,,,,,,,,,,,,,
,,,,,,,,,,,,,,,,,,,,,,,,,,,,,,
,,,,,,,,,,,,,,,,,,,,,,,,,,,,,,
,,,,,,,,,,,,,,,,,,,,,,,,,,,,,,
,,,,,,,,,,,,,,,,,,,,,,,,,,,,,,
,,,,,,,,,,,,,,,,,,,,,,,,,,,,,,
,,,,,,,,,,,,,,,,,,,,,,,,,,,,,,
,,,,,,,,,,,,,,,,,,,,,,,,,,,,,,
,,,,,,,,,,,,,,,,,,,,,,,,,,,,,,
,,,,,,,,,,,,,,,,,,,,,,,,,,,,,,
,,,,,,,,,,,,,,,,,,,,,,,,,,,,,,
,,,,,,,,,,,,,,,,,,,,,,,,,,,,,,
,,,,,,,,,,,,,,,,,,,,,,,,,,,,,,
,,,,,,,,,,,,,,,,,,,,,,,,,,,,,,
,,,,,,,,,,,,,,,,,,,,,,,,,,,,,,
,,,,,,,,,,,,,,,,,,,,,,,,,,,,,,
,,,,,,,,,,,,,,,,,,,,,,,,,,,,,,
,,,,,,,,,,,,,,,,,,,,,,,,,,,,,,
,,,,,,,,,,,,,,,,,,,,,,,,,,,,,,
,,,,,,,,,,,,,,,,,,,,,,,,,,,,,,
,,,,,,,,,,,,,,,,,,,,,,,,,,,,,,
,,,,,,,,,,,,,,,,,,,,,,,,,,,,,,
,,,,,,,,,,,,,,,,,,,,,,,,,,,,,,
,,,,,,,,,,,,,,,,,,,,,,,,,,,,,,
,,,,,,,,,,,,,,,,,,,,,,,,,,,,,,
,,,,,,,,,,,,,,,,,,,,,,,,,,,,,,
,,,,,,,,,,,,,,,,,,,,,,,,,,,,,,
,,,,,,,,,,,,,,,,,,,,,,,,,,,,,,
,,,,,,,,,,,,,,,,,,,,,,,,,,,,,,
,,,,,,,,,,,,,,,,,,,,,,,,,,,,,,
,,,,,,,,,,,,,,,,,,,,,,,,,,,,,,
,,,,,,,,,,,,,,,,,,,,,,,,,,,,,,
,,,,,,,,,,,,,,,,,,,,,,,,,,,,,,
,,,,,,,,,,,,,,,,,,,,,,,,,,,,,,
,,,,,,,,,,,,,,,,,,,,,,,,,,,,,,
,,,,,,,,,,,,,,,,,,,,,,,,,,,,,,
,,,,,,,,,,,,,,,,,,,,,,,,,,,,,,
,,,,,,,,,,,,,,,,,,,,,,,,,,,,,,
,,,,,,,,,,,,,,,,,,,,,,,,,,,,,,
,,,,,,,,,,,,,,,,,,,,,,,,,,,,,,
,,,,,,,,,,,,,,,,,,,,,,,,,,,,,,
,,,,,,,,,,,,,,,,,,,,,,,,,,,,,,
,,,,,,,,,,,,,,,,,,,,,,,,,,,,,,
,,,,,,,,,,,,,,,,,,,,,,,,,,,,,,
,,,,,,,,,,,,,,,,,,,,,,,,,,,,,,
,,,,,,,,,,,,,,,,,,,,,,,,,,,,,,
,,,,,,,,,,,,,,,,,,,,,,,,,,,,,,
,,,,,,,,,,,,,,,,,,,,,,,,,,,,,,
,,,,,,,,,,,,,,,,,,,,,,,,,,,,,,
,,,,,,,,,,,,,,,,,,,,,,,,,,,,,,
,,,,,,,,,,,,,,,,,,,,,,,,,,,,,,
,,,,,,,,,,,,,,,,,,,,,,,,,,,,,,
,,,,,,,,,,,,,,,,,,,,,,,,,,,,,,
,,,,,,,,,,,,,,,,,,,,,,,,,,,,,,
,,,,,,,,,,,,,,,,,,,,,,,,,,,,,,
,,,,,,,,,,,,,,,,,,,,,,,,,,,,,,
,,,,,,,,,,,,,,,,,,,,,,,,,,,,,,
,,,,,,,,,,,,,,,,,,,,,,,,,,,,,,
,,,,,,,,,,,,,,,,,,,,,,,,,,,,,,
,,,,,,,,,,,,,,,,,,,,,,,,,,,,,,
,,,,,,,,,,,,,,,,,,,,,,,,,,,,,,
,,,,,,,,,,,,,,,,,,,,,,,,,,,,,,
,,,,,,,,,,,,,,,,,,,,,,,,,,,,,,
,,,,,,,,,,,,,,,,,,,,,,,,,,,,,,
,,,,,,,,,,,,,,,,,,,,,,,,,,,,,,
,,,,,,,,,,,,,,,,,,,,,,,,,,,,,,
,,,,,,,,,,,,,,,,,,,,,,,,,,,,,,
,,,,,,,,,,,,,,,,,,,,,,,,,,,,,,
,,,,,,,,,,,,,,,,,,,,,,,,,,,,,,
,,,,,,,,,,,,,,,,,,,,,,,,,,,,,,
,,,,,,,,,,,,,,,,,,,,,,,,,,,,,,
,,,,,,,,,,,,,,,,,,,,,,,,,,,,,,
,,,,,,,,,,,,,,,,,,,,,,,,,,,,,,
,,,,,,,,,,,,,,,,,,,,,,,,,,,,,,
,,,,,,,,,,,,,,,,,,,,,,,,,,,,,,
,,,,,,,,,,,,,,,,,,,,,,,,,,,,,,
,,,,,,,,,,,,,,,,,,,,,,,,,,,,,,
,,,,,,,,,,,,,,,,,,,,,,,,,,,,,,
,,,,,,,,,,,,,,,,,,,,,,,,,,,,,,
,,,,,,,,,,,,,,,,,,,,,,,,,,,,,,
,,,,,,,,,,,,,,,,,,,,,,,,,,,,,,
,,,,,,,,,,,,,,,,,,,,,,,,,,,,,,
,,,,,,,,,,,,,,,,,,,,,,,,,,,,,,
,,,,,,,,,,,,,,,,,,,,,,,,,,,,,,
,,,,,,,,,,,,,,,,,,,,,,,,,,,,,,
,,,,,,,,,,,,,,,,,,,,,,,,,,,,,,
,,,,,,,,,,,,,,,,,,,,,,,,,,,,,,
,,,,,,,,,,,,,,,,,,,,,,,,,,,,,,
,,,,,,,,,,,,,,,,,,,,,,,,,,,,,,
,,,,,,,,,,,,,,,,,,,,,,,,,,,,,,
,,,,,,,,,,,,,,,,,,,,,,,,,,,,,,
,,,,,,,,,,,,,,,,,,,,,,,,,,,,,,
,,,,,,,,,,,,,,,,,,,,,,,,,,,,,,
,,,,,,,,,,,,,,,,,,,,,,,,,,,,,,
,,,,,,,,,,,,,,,,,,,,,,,,,,,,,,
,,,,,,,,,,,,,,,,,,,,,,,,,,,,,,
,,,,,,,,,,,,,,,,,,,,,,,,,,,,,,
,,,,,,,,,,,,,,,,,,,,,,,,,,,,,,
,,,,,,,,,,,,,,,,,,,,,,,,,,,,,,
,,,,,,,,,,,,,,,,,,,,,,,,,,,,,,
,,,,,,,,,,,,,,,,,,,,,,,,,,,,,,
,,,,,,,,,,,,,,,,,,,,,,,,,,,,,,
,,,,,,,,,,,,,,,,,,,,,,,,,,,,,,
,,,,,,,,,,,,,,,,,,,,,,,,,,,,,,
,,,,,,,,,,,,,,,,,,,,,,,,,,,,,,
,,,,,,,,,,,,,,,,,,,,,,,,,,,,,,
,,,,,,,,,,,,,,,,,,,,,,,,,,,,,,
,,,,,,,,,,,,,,,,,,,,,,,,,,,,,,
,,,,,,,,,,,,,,,,,,,,,,,,,,,,,,
,,,,,,,,,,,,,,,,,,,,,,,,,,,,,,
,,,,,,,,,,,,,,,,,,,,,,,,,,,,,,
,,,,,,,,,,,,,,,,,,,,,,,,,,,,,,
,,,,,,,,,,,,,,,,,,,,,,,,,,,,,,
,,,,,,,,,,,,,,,,,,,,,,,,,,,,,,
,,,,,,,,,,,,,,,,,,,,,,,,,,,,,,
,,,,,,,,,,,,,,,,,,,,,,,,,,,,,,
,,,,,,,,,,,,,,,,,,,,,,,,,,,,,,
,,,,,,,,,,,,,,,,,,,,,,,,,,,,,,
,,,,,,,,,,,,,,,,,,,,,,,,,,,,,,
,,,,,,,,,,,,,,,,,,,,,,,,,,,,,,
,,,,,,,,,,,,,,,,,,,,,,,,,,,,,,
,,,,,,,,,,,,,,,,,,,,,,,,,,,,,,
,,,,,,,,,,,,,,,,,,,,,,,,,,,,,,
,,,,,,,,,,,,,,,,,,,,,,,,,,,,,,
,,,,,,,,,,,,,,,,,,,,,,,,,,,,,,
,,,,,,,,,,,,,,,,,,,,,,,,,,,,,,
,,,,,,,,,,,,,,,,,,,,,,,,,,,,,,
,,,,,,,,,,,,,,,,,,,,,,,,,,,,,,
,,,,,,,,,,,,,,,,,,,,,,,,,,,,,,
,,,,,,,,,,,,,,,,,,,,,,,,,,,,,,
,,,,,,,,,,,,,,,,,,,,,,,,,,,,,,
,,,,,,,,,,,,,,,,,,,,,,,,,,,,,,
,,,,,,,,,,,,,,,,,,,,,,,,,,,,,,
,,,,,,,,,,,,,,,,,,,,,,,,,,,,,,
,,,,,,,,,,,,,,,,,,,,,,,,,,,,,,
,,,,,,,,,,,,,,,,,,,,,,,,,,,,,,
,,,,,,,,,,,,,,,,,,,,,,,,,,,,,,
,,,,,,,,,,,,,,,,,,,,,,,,,,,,,,
,,,,,,,,,,,,,,,,,,,,,,,,,,,,,,
,,,,,,,,,,,,,,,,,,,,,,,,,,,,,,
,,,,,,,,,,,,,,,,,,,,,,,,,,,,,,
,,,,,,,,,,,,,,,,,,,,,,,,,,,,,,
,,,,,,,,,,,,,,,,,,,,,,,,,,,,,,
,,,,,,,,,,,,,,,,,,,,,,,,,,,,,,
,,,,,,,,,,,,,,,,,,,,,,,,,,,,,,
,,,,,,,,,,,,,,,,,,,,,,,,,,,,,,
,,,,,,,,,,,,,,,,,,,,,,,,,,,,,,
,,,,,,,,,,,,,,,,,,,,,,,,,,,,,,
,,,,,,,,,,,,,,,,,,,,,,,,,,,,,,
,,,,,,,,,,,,,,,,,,,,,,,,,,,,,,
,,,,,,,,,,,,,,,,,,,,,,,,,,,,,,
,,,,,,,,,,,,,,,,,,,,,,,,,,,,,,
,,,,,,,,,,,,,,,,,,,,,,,,,,,,,,
,,,,,,,,,,,,,,,,,,,,,,,,,,,,,,
,,,,,,,,,,,,,,,,,,,,,,,,,,,,,,
,,,,,,,,,,,,,,,,,,,,,,,,,,,,,,
,,,,,,,,,,,,,,,,,,,,,,,,,,,,,,
,,,,,,,,,,,,,,,,,,,,,,,,,,,,,,
,,,,,,,,,,,,,,,,,,,,,,,,,,,,,,
,,,,,,,,,,,,,,,,,,,,,,,,,,,,,,
,,,,,,,,,,,,,,,,,,,,,,,,,,,,,,
,,,,,,,,,,,,,,,,,,,,,,,,,,,,,,
,,,,,,,,,,,,,,,,,,,,,,,,,,,,,,
,,,,,,,,,,,,,,,,,,,,,,,,,,,,,,
,,,,,,,,,,,,,,,,,,,,,,,,,,,,,,
,,,,,,,,,,,,,,,,,,,,,,,,,,,,,,
,,,,,,,,,,,,,,,,,,,,,,,,,,,,,,
,,,,,,,,,,,,,,,,,,,,,,,,,,,,,,
,,,,,,,,,,,,,,,,,,,,,,,,,,,,,,
,,,,,,,,,,,,,,,,,,,,,,,,,,,,,,
,,,,,,,,,,,,,,,,,,,,,,,,,,,,,,
,,,,,,,,,,,,,,,,,,,,,,,,,,,,,,
,,,,,,,,,,,,,,,,,,,,,,,,,,,,,,
,,,,,,,,,,,,,,,,,,,,,,,,,,,,,,
,,,,,,,,,,,,,,,,,,,,,,,,,,,,,,
,,,,,,,,,,,,,,,,,,,,,,,,,,,,,,
,,,,,,,,,,,,,,,,,,,,,,,,,,,,,,
,,,,,,,,,,,,,,,,,,,,,,,,,,,,,,
,,,,,,,,,,,,,,,,,,,,,,,,,,,,,,
,,,,,,,,,,,,,,,,,,,,,,,,,,,,,,
,,,,,,,,,,,,,,,,,,,,,,,,,,,,,,
,,,,,,,,,,,,,,,,,,,,,,,,,,,,,,
,,,,,,,,,,,,,,,,,,,,,,,,,,,,,,
,,,,,,,,,,,,,,,,,,,,,,,,,,,,,,
,,,,,,,,,,,,,,,,,,,,,,,,,,,,,,
,,,,,,,,,,,,,,,,,,,,,,,,,,,,,,
,,,,,,,,,,,,,,,,,,,,,,,,,,,,,,
,,,,,,,,,,,,,,,,,,,,,,,,,,,,,,
,,,,,,,,,,,,,,,,,,,,,,,,,,,,,,
,,,,,,,,,,,,,,,,,,,,,,,,,,,,,,
,,,,,,,,,,,,,,,,,,,,,,,,,,,,,,
,,,,,,,,,,,,,,,,,,,,,,,,,,,,,,
,,,,,,,,,,,,,,,,,,,,,,,,,,,,,,
,,,,,,,,,,,,,,,,,,,,,,,,,,,,,,
,,,,,,,,,,,,,,,,,,,,,,,,,,,,,,
,,,,,,,,,,,,,,,,,,,,,,,,,,,,,,
,,,,,,,,,,,,,,,,,,,,,,,,,,,,,,
,,,,,,,,,,,,,,,,,,,,,,,,,,,,,,
,,,,,,,,,,,,,,,,,,,,,,,,,,,,,,
,,,,,,,,,,,,,,,,,,,,,,,,,,,,,,
,,,,,,,,,,,,,,,,,,,,,,,,,,,,,,
,,,,,,,,,,,,,,,,,,,,,,,,,,,,,,
,,,,,,,,,,,,,,,,,,,,,,,,,,,,,,
,,,,,,,,,,,,,,,,,,,,,,,,,,,,,,
,,,,,,,,,,,,,,,,,,,,,,,,,,,,,,
,,,,,,,,,,,,,,,,,,,,,,,,,,,,,,
,,,,,,,,,,,,,,,,,,,,,,,,,,,,,,
,,,,,,,,,,,,,,,,,,,,,,,,,,,,,,
,,,,,,,,,,,,,,,,,,,,,,,,,,,,,,
,,,,,,,,,,,,,,,,,,,,,,,,,,,,,,
,,,,,,,,,,,,,,,,,,,,,,,,,,,,,,
,,,,,,,,,,,,,,,,,,,,,,,,,,,,,,
,,,,,,,,,,,,,,,,,,,,,,,,,,,,,,
,,,,,,,,,,,,,,,,,,,,,,,,,,,,,,
,,,,,,,,,,,,,,,,,,,,,,,,,,,,,,
,,,,,,,,,,,,,,,,,,,,,,,,,,,,,,
,,,,,,,,,,,,,,,,,,,,,,,,,,,,,,
,,,,,,,,,,,,,,,,,,,,,,,,,,,,,,
,,,,,,,,,,,,,,,,,,,,,,,,,,,,,,
,,,,,,,,,,,,,,,,,,,,,,,,,,,,,,
,,,,,,,,,,,,,,,,,,,,,,,,,,,,,,
,,,,,,,,,,,,,,,,,,,,,,,,,,,,,,
,,,,,,,,,,,,,,,,,,,,,,,,,,,,,,
,,,,,,,,,,,,,,,,,,,,,,,,,,,,,,
,,,,,,,,,,,,,,,,,,,,,,,,,,,,,,
,,,,,,,,,,,,,,,,,,,,,,,,,,,,,,
,,,,,,,,,,,,,,,,,,,,,,,,,,,,,,
,,,,,,,,,,,,,,,,,,,,,,,,,,,,,,
,,,,,,,,,,,,,,,,,,,,,,,,,,,,,,
,,,,,,,,,,,,,,,,,,,,,,,,,,,,,,
,,,,,,,,,,,,,,,,,,,,,,,,,,,,,,
,,,,,,,,,,,,,,,,,,,,,,,,,,,,,,
,,,,,,,,,,,,,,,,,,,,,,,,,,,,,,
,,,,,,,,,,,,,,,,,,,,,,,,,,,,,,
,,,,,,,,,,,,,,,,,,,,,,,,,,,,,,
,,,,,,,,,,,,,,,,,,,,,,,,,,,,,,
,,,,,,,,,,,,,,,,,,,,,,,,,,,,,,
,,,,,,,,,,,,,,,,,,,,,,,,,,,,,,
,,,,,,,,,,,,,,,,,,,,,,,,,,,,,,
,,,,,,,,,,,,,,,,,,,,,,,,,,,,,,
,,,,,,,,,,,,,,,,,,,,,,,,,,,,,,
,,,,,,,,,,,,,,,,,,,,,,,,,,,,,,
,,,,,,,,,,,,,,,,,,,,,,,,,,,,,,
,,,,,,,,,,,,,,,,,,,,,,,,,,,,,,
,,,,,,,,,,,,,,,,,,,,,,,,,,,,,,
,,,,,,,,,,,,,,,,,,,,,,,,,,,,,,
,,,,,,,,,,,,,,,,,,,,,,,,,,,,,,
,,,,,,,,,,,,,,,,,,,,,,,,,,,,,,
,,,,,,,,,,,,,,,,,,,,,,,,,,,,,,
,,,,,,,,,,,,,,,,,,,,,,,,,,,,,,
,,,,,,,,,,,,,,,,,,,,,,,,,,,,,,
,,,,,,,,,,,,,,,,,,,,,,,,,,,,,,
,,,,,,,,,,,,,,,,,,,,,,,,,,,,,,
,,,,,,,,,,,,,,,,,,,,,,,,,,,,,,
,,,,,,,,,,,,,,,,,,,,,,,,,,,,,,
,,,,,,,,,,,,,,,,,,,,,,,,,,,,,,
,,,,,,,,,,,,,,,,,,,,,,,,,,,,,,
,,,,,,,,,,,,,,,,,,,,,,,,,,,,,,
,,,,,,,,,,,,,,,,,,,,,,,,,,,,,,
,,,,,,,,,,,,,,,,,,,,,,,,,,,,,,
,,,,,,,,,,,,,,,,,,,,,,,,,,,,,,
,,,,,,,,,,,,,,,,,,,,,,,,,,,,,,
,,,,,,,,,,,,,,,,,,,,,,,,,,,,,,
,,,,,,,,,,,,,,,,,,,,,,,,,,,,,,
,,,,,,,,,,,,,,,,,,,,,,,,,,,,,,
,,,,,,,,,,,,,,,,,,,,,,,,,,,,,,
,,,,,,,,,,,,,,,,,,,,,,,,,,,,,,
,,,,,,,,,,,,,,,,,,,,,,,,,,,,,,
,,,,,,,,,,,,,,,,,,,,,,,,,,,,,,
,,,,,,,,,,,,,,,,,,,,,,,,,,,,,,
,,,,,,,,,,,,,,,,,,,,,,,,,,,,,,
,,,,,,,,,,,,,,,,,,,,,,,,,,,,,,
,,,,,,,,,,,,,,,,,,,,,,,,,,,,,,
,,,,,,,,,,,,,,,,,,,,,,,,,,,,,,
,,,,,,,,,,,,,,,,,,,,,,,,,,,,,,
,,,,,,,,,,,,,,,,,,,,,,,,,,,,,,
,,,,,,,,,,,,,,,,,,,,,,,,,,,,,,
,,,,,,,,,,,,,,,,,,,,,,,,,,,,,,
,,,,,,,,,,,,,,,,,,,,,,,,,,,,,,
,,,,,,,,,,,,,,,,,,,,,,,,,,,,,,
,,,,,,,,,,,,,,,,,,,,,,,,,,,,,,
,,,,,,,,,,,,,,,,,,,,,,,,,,,,,,
,,,,,,,,,,,,,,,,,,,,,,,,,,,,,,
,,,,,,,,,,,,,,,,,,,,,,,,,,,,,,
,,,,,,,,,,,,,,,,,,,,,,,,,,,,,,
,,,,,,,,,,,,,,,,,,,,,,,,,,,,,,
,,,,,,,,,,,,,,,,,,,,,,,,,,,,,,
,,,,,,,,,,,,,,,,,,,,,,,,,,,,,,
,,,,,,,,,,,,,,,,,,,,,,,,,,,,,,
,,,,,,,,,,,,,,,,,,,,,,,,,,,,,,
,,,,,,,,,,,,,,,,,,,,,,,,,,,,,,
,,,,,,,,,,,,,,,,,,,,,,,,,,,,,,
,,,,,,,,,,,,,,,,,,,,,,,,,,,,,,
,,,,,,,,,,,,,,,,,,,,,,,,,,,,,,
,,,,,,,,,,,,,,,,,,,,,,,,,,,,,,
,,,,,,,,,,,,,,,,,,,,,,,,,,,,,,
,,,,,,,,,,,,,,,,,,,,,,,,,,,,,,
,,,,,,,,,,,,,,,,,,,,,,,,,,,,,,
,,,,,,,,,,,,,,,,,,,,,,,,,,,,,,
,,,,,,,,,,,,,,,,,,,,,,,,,,,,,,
,,,,,,,,,,,,,,,,,,,,,,,,,,,,,,
,,,,,,,,,,,,,,,,,,,,,,,,,,,,,,
,,,,,,,,,,,,,,,,,,,,,,,,,,,,,,
,,,,,,,,,,,,,,,,,,,,,,,,,,,,,,
,,,,,,,,,,,,,,,,,,,,,,,,,,,,,,
,,,,,,,,,,,,,,,,,,,,,,,,,,,,,,
,,,,,,,,,,,,,,,,,,,,,,,,,,,,,,
,,,,,,,,,,,,,,,,,,,,,,,,,,,,,,
,,,,,,,,,,,,,,,,,,,,,,,,,,,,,,
,,,,,,,,,,,,,,,,,,,,,,,,,,,,,,
,,,,,,,,,,,,,,,,,,,,,,,,,,,,,,
,,,,,,,,,,,,,,,,,,,,,,,,,,,,,,
,,,,,,,,,,,,,,,,,,,,,,,,,,,,,,
,,,,,,,,,,,,,,,,,,,,,,,,,,,,,,
,,,,,,,,,,,,,,,,,,,,,,,,,,,,,,
,,,,,,,,,,,,,,,,,,,,,,,,,,,,,,
,,,,,,,,,,,,,,,,,,,,,,,,,,,,,,
,,,,,,,,,,,,,,,,,,,,,,,,,,,,,,
,,,,,,,,,,,,,,,,,,,,,,,,,,,,,,
,,,,,,,,,,,,,,,,,,,,,,,,,,,,,,
,,,,,,,,,,,,,,,,,,,,,,,,,,,,,,
,,,,,,,,,,,,,,,,,,,,,,,,,,,,,,
,,,,,,,,,,,,,,,,,,,,,,,,,,,,,,
,,,,,,,,,,,,,,,,,,,,,,,,,,,,,,
,,,,,,,,,,,,,,,,,,,,,,,,,,,,,,
,,,,,,,,,,,,,,,,,,,,,,,,,,,,,,
,,,,,,,,,,,,,,,,,,,,,,,,,,,,,,
,,,,,,,,,,,,,,,,,,,,,,,,,,,,,,
,,,,,,,,,,,,,,,,,,,,,,,,,,,,,,
,,,,,,,,,,,,,,,,,,,,,,,,,,,,,,
,,,,,,,,,,,,,,,,,,,,,,,,,,,,,,
,,,,,,,,,,,,,,,,,,,,,,,,,,,,,,
,,,,,,,,,,,,,,,,,,,,,,,,,,,,,,
,,,,,,,,,,,,,,,,,,,,,,,,,,,,,,
,,,,,,,,,,,,,,,,,,,,,,,,,,,,,,
,,,,,,,,,,,,,,,,,,,,,,,,,,,,,,
,,,,,,,,,,,,,,,,,,,,,,,,,,,,,,
,,,,,,,,,,,,,,,,,,,,,,,,,,,,,,
,,,,,,,,,,,,,,,,,,,,,,,,,,,,,,
,,,,,,,,,,,,,,,,,,,,,,,,,,,,,,
,,,,,,,,,,,,,,,,,,,,,,,,,,,,,,
,,,,,,,,,,,,,,,,,,,,,,,,,,,,,,
,,,,,,,,,,,,,,,,,,,,,,,,,,,,,,
,,,,,,,,,,,,,,,,,,,,,,,,,,,,,,
,,,,,,,,,,,,,,,,,,,,,,,,,,,,,,
,,,,,,,,,,,,,,,,,,,,,,,,,,,,,,
,,,,,,,,,,,,,,,,,,,,,,,,,,,,,,
,,,,,,,,,,,,,,,,,,,,,,,,,,,,,,
,,,,,,,,,,,,,,,,,,,,,,,,,,,,,,
,,,,,,,,,,,,,,,,,,,,,,,,,,,,,,
,,,,,,,,,,,,,,,,,,,,,,,,,,,,,,
,,,,,,,,,,,,,,,,,,,,,,,,,,,,,,
,,,,,,,,,,,,,,,,,,,,,,,,,,,,,,
,,,,,,,,,,,,,,,,,,,,,,,,,,,,,,
,,,,,,,,,,,,,,,,,,,,,,,,,,,,,,
,,,,,,,,,,,,,,,,,,,,,,,,,,,,,,
,,,,,,,,,,,,,,,,,,,,,,,,,,,,,,
,,,,,,,,,,,,,,,,,,,,,,,,,,,,,,
,,,,,,,,,,,,,,,,,,,,,,,,,,,,,,
,,,,,,,,,,,,,,,,,,,,,,,,,,,,,,
,,,,,,,,,,,,,,,,,,,,,,,,,,,,,,
,,,,,,,,,,,,,,,,,,,,,,,,,,,,,,
,,,,,,,,,,,,,,,,,,,,,,,,,,,,,,
,,,,,,,,,,,,,,,,,,,,,,,,,,,,,,
,,,,,,,,,,,,,,,,,,,,,,,,,,,,,,
,,,,,,,,,,,,,,,,,,,,,,,,,,,,,,
,,,,,,,,,,,,,,,,,,,,,,,,,,,,,,
,,,,,,,,,,,,,,,,,,,,,,,,,,,,,,
,,,,,,,,,,,,,,,,,,,,,,,,,,,,,,
,,,,,,,,,,,,,,,,,,,,,,,,,,,,,,
,,,,,,,,,,,,,,,,,,,,,,,,,,,,,,
,,,,,,,,,,,,,,,,,,,,,,,,,,,,,,
,,,,,,,,,,,,,,,,,,,,,,,,,,,,,,
,,,,,,,,,,,,,,,,,,,,,,,,,,,,,,
,,,,,,,,,,,,,,,,,,,,,,,,,,,,,,
,,,,,,,,,,,,,,,,,,,,,,,,,,,,,,
,,,,,,,,,,,,,,,,,,,,,,,,,,,,,,
,,,,,,,,,,,,,,,,,,,,,,,,,,,,,,
,,,,,,,,,,,,,,,,,,,,,,,,,,,,,,
,,,,,,,,,,,,,,,,,,,,,,,,,,,,,,
,,,,,,,,,,,,,,,,,,,,,,,,,,,,,,
,,,,,,,,,,,,,,,,,,,,,,,,,,,,,,
,,,,,,,,,,,,,,,,,,,,,,,,,,,,,,
,,,,,,,,,,,,,,,,,,,,,,,,,,,,,,
,,,,,,,,,,,,,,,,,,,,,,,,,,,,,,
,,,,,,,,,,,,,,,,,,,,,,,,,,,,,,
,,,,,,,,,,,,,,,,,,,,,,,,,,,,,,
,,,,,,,,,,,,,,,,,,,,,,,,,,,,,,
,,,,,,,,,,,,,,,,,,,,,,,,,,,,,,
,,,,,,,,,,,,,,,,,,,,,,,,,,,,,,
,,,,,,,,,,,,,,,,,,,,,,,,,,,,,,
,,,,,,,,,,,,,,,,,,,,,,,,,,,,,,
,,,,,,,,,,,,,,,,,,,,,,,,,,,,,,
,,,,,,,,,,,,,,,,,,,,,,,,,,,,,,
,,,,,,,,,,,,,,,,,,,,,,,,,,,,,,
,,,,,,,,,,,,,,,,,,,,,,,,,,,,,,
,,,,,,,,,,,,,,,,,,,,,,,,,,,,,,
,,,,,,,,,,,,,,,,,,,,,,,,,,,,,,
,,,,,,,,,,,,,,,,,,,,,,,,,,,,,,
,,,,,,,,,,,,,,,,,,,,,,,,,,,,,,
,,,,,,,,,,,,,,,,,,,,,,,,,,,,,,
,,,,,,,,,,,,,,,,,,,,,,,,,,,,,,
,,,,,,,,,,,,,,,,,,,,,,,,,,,,,,
,,,,,,,,,,,,,,,,,,,,,,,,,,,,,,
,,,,,,,,,,,,,,,,,,,,,,,,,,,,,,
,,,,,,,,,,,,,,,,,,,,,,,,,,,,,,
,,,,,,,,,,,,,,,,,,,,,,,,,,,,,,
,,,,,,,,,,,,,,,,,,,,,,,,,,,,,,
,,,,,,,,,,,,,,,,,,,,,,,,,,,,,,
,,,,,,,,,,,,,,,,,,,,,,,,,,,,,,
,,,,,,,,,,,,,,,,,,,,,,,,,,,,,,
,,,,,,,,,,,,,,,,,,,,,,,,,,,,,,
,,,,,,,,,,,,,,,,,,,,,,,,,,,,,,
,,,,,,,,,,,,,,,,,,,,,,,,,,,,,,
,,,,,,,,,,,,,,,,,,,,,,,,,,,,,,
,,,,,,,,,,,,,,,,,,,,,,,,,,,,,,
,,,,,,,,,,,,,,,,,,,,,,,,,,,,,,
,,,,,,,,,,,,,,,,,,,,,,,,,,,,,,
,,,,,,,,,,,,,,,,,,,,,,,,,,,,,,
,,,,,,,,,,,,,,,,,,,,,,,,,,,,,,
,,,,,,,,,,,,,,,,,,,,,,,,,,,,,,
,,,,,,,,,,,,,,,,,,,,,,,,,,,,,,
,,,,,,,,,,,,,,,,,,,,,,,,,,,,,,
,,,,,,,,,,,,,,,,,,,,,,,,,,,,,,
,,,,,,,,,,,,,,,,,,,,,,,,,,,,,,
,,,,,,,,,,,,,,,,,,,,,,,,,,,,,,
,,,,,,,,,,,,,,,,,,,,,,,,,,,,,,
,,,,,,,,,,,,,,,,,,,,,,,,,,,,,,
,,,,,,,,,,,,,,,,,,,,,,,,,,,,,,
,,,,,,,,,,,,,,,,,,,,,,,,,,,,,,
,,,,,,,,,,,,,,,,,,,,,,,,,,,,,,
,,,,,,,,,,,,,,,,,,,,,,,,,,,,,,
,,,,,,,,,,,,,,,,,,,,,,,,,,,,,,
,,,,,,,,,,,,,,,,,,,,,,,,,,,,,,
,,,,,,,,,,,,,,,,,,,,,,,,,,,,,,
,,,,,,,,,,,,,,,,,,,,,,,,,,,,,,
,,,,,,,,,,,,,,,,,,,,,,,,,,,,,,
,,,,,,,,,,,,,,,,,,,,,,,,,,,,,,
,,,,,,,,,,,,,,,,,,,,,,,,,,,,,,
,,,,,,,,,,,,,,,,,,,,,,,,,,,,,,
,,,,,,,,,,,,,,,,,,,,,,,,,,,,,,
,,,,,,,,,,,,,,,,,,,,,,,,,,,,,,
,,,,,,,,,,,,,,,,,,,,,,,,,,,,,,
,,,,,,,,,,,,,,,,,,,,,,,,,,,,,,
,,,,,,,,,,,,,,,,,,,,,,,,,,,,,,
,,,,,,,,,,,,,,,,,,,,,,,,,,,,,,
,,,,,,,,,,,,,,,,,,,,,,,,,,,,,,
,,,,,,,,,,,,,,,,,,,,,,,,,,,,,,
,,,,,,,,,,,,,,,,,,,,,,,,,,,,,,
,,,,,,,,,,,,,,,,,,,,,,,,,,,,,,
,,,,,,,,,,,,,,,,,,,,,,,,,,,,,,
,,,,,,,,,,,,,,,,,,,,,,,,,,,,,,
,,,,,,,,,,,,,,,,,,,,,,,,,,,,,,
,,,,,,,,,,,,,,,,,,,,,,,,,,,,,,
,,,,,,,,,,,,,,,,,,,,,,,,,,,,,,
,,,,,,,,,,,,,,,,,,,,,,,,,,,,,,
,,,,,,,,,,,,,,,,,,,,,,,,,,,,,,
,,,,,,,,,,,,,,,,,,,,,,,,,,,,,,
,,,,,,,,,,,,,,,,,,,,,,,,,,,,,,
,,,,,,,,,,,,,,,,,,,,,,,,,,,,,,
,,,,,,,,,,,,,,,,,,,,,,,,,,,,,,
,,,,,,,,,,,,,,,,,,,,,,,,,,,,,,
,,,,,,,,,,,,,,,,,,,,,,,,,,,,,,
,,,,,,,,,,,,,,,,,,,,,,,,,,,,,,
,,,,,,,,,,,,,,,,,,,,,,,,,,,,,,
,,,,,,,,,,,,,,,,,,,,,,,,,,,,,,
,,,,,,,,,,,,,,,,,,,,,,,,,,,,,,
,,,,,,,,,,,,,,,,,,,,,,,,,,,,,,
,,,,,,,,,,,,,,,,,,,,,,,,,,,,,,
,,,,,,,,,,,,,,,,,,,,,,,,,,,,,,
,,,,,,,,,,,,,,,,,,,,,,,,,,,,,,
,,,,,,,,,,,,,,,,,,,,,,,,,,,,,,
,,,,,,,,,,,,,,,,,,,,,,,,,,,,,,
,,,,,,,,,,,,,,,,,,,,,,,,,,,,,,
,,,,,,,,,,,,,,,,,,,,,,,,,,,,,,
,,,,,,,,,,,,,,,,,,,,,,,,,,,,,,
,,,,,,,,,,,,,,,,,,,,,,,,,,,,,,
,,,,,,,,,,,,,,,,,,,,,,,,,,,,,,
,,,,,,,,,,,,,,,,,,,,,,,,,,,,,,
,,,,,,,,,,,,,,,,,,,,,,,,,,,,,,
,,,,,,,,,,,,,,,,,,,,,,,,,,,,,,
,,,,,,,,,,,,,,,,,,,,,,,,,,,,,,
,,,,,,,,,,,,,,,,,,,,,,,,,,,,,,
,,,,,,,,,,,,,,,,,,,,,,,,,,,,,,
,,,,,,,,,,,,,,,,,,,,,,,,,,,,,,
,,,,,,,,,,,,,,,,,,,,,,,,,,,,,,
,,,,,,,,,,,,,,,,,,,,,,,,,,,,,,
,,,,,,,,,,,,,,,,,,,,,,,,,,,,,,
,,,,,,,,,,,,,,,,,,,,,,,,,,,,,,
,,,,,,,,,,,,,,,,,,,,,,,,,,,,,,
,,,,,,,,,,,,,,,,,,,,,,,,,,,,,,
,,,,,,,,,,,,,,,,,,,,,,,,,,,,,,
,,,,,,,,,,,,,,,,,,,,,,,,,,,,,,
,,,,,,,,,,,,,,,,,,,,,,,,,,,,,,
,,,,,,,,,,,,,,,,,,,,,,,,,,,,,,
,,,,,,,,,,,,,,,,,,,,,,,,,,,,,,
,,,,,,,,,,,,,,,,,,,,,,,,,,,,,,
,,,,,,,,,,,,,,,,,,,,,,,,,,,,,,
,,,,,,,,,,,,,,,,,,,,,,,,,,,,,,
,,,,,,,,,,,,,,,,,,,,,,,,,,,,,,
,,,,,,,,,,,,,,,,,,,,,,,,,,,,,,
,,,,,,,,,,,,,,,,,,,,,,,,,,,,,,
,,,,,,,,,,,,,,,,,,,,,,,,,,,,,,
,,,,,,,,,,,,,,,,,,,,,,,,,,,,,,
,,,,,,,,,,,,,,,,,,,,,,,,,,,,,,
,,,,,,,,,,,,,,,,,,,,,,,,,,,,,,
,,,,,,,,,,,,,,,,,,,,,,,,,,,,,,
,,,,,,,,,,,,,,,,,,,,,,,,,,,,,,
,,,,,,,,,,,,,,,,,,,,,,,,,,,,,,
,,,,,,,,,,,,,,,,,,,,,,,,,,,,,,
,,,,,,,,,,,,,,,,,,,,,,,,,,,,,,
,,,,,,,,,,,,,,,,,,,,,,,,,,,,,,
,,,,,,,,,,,,,,,,,,,,,,,,,,,,,,
,,,,,,,,,,,,,,,,,,,,,,,,,,,,,,
,,,,,,,,,,,,,,,,,,,,,,,,,,,,,,
,,,,,,,,,,,,,,,,,,,,,,,,,,,,,,
,,,,,,,,,,,,,,,,,,,,,,,,,,,,,,
,,,,,,,,,,,,,,,,,,,,,,,,,,,,,,
,,,,,,,,,,,,,,,,,,,,,,,,,,,,,,
,,,,,,,,,,,,,,,,,,,,,,,,,,,,,,
,,,,,,,,,,,,,,,,,,,,,,,,,,,,,,
,,,,,,,,,,,,,,,,,,,,,,,,,,,,,,
,,,,,,,,,,,,,,,,,,,,,,,,,,,,,,
,,,,,,,,,,,,,,,,,,,,,,,,,,,,,,
,,,,,,,,,,,,,,,,,,,,,,,,,,,,,,
,,,,,,,,,,,,,,,,,,,,,,,,,,,,,,
,,,,,,,,,,,,,,,,,,,,,,,,,,,,,,
,,,,,,,,,,,,,,,,,,,,,,,,,,,,,,
,,,,,,,,,,,,,,,,,,,,,,,,,,,,,,
,,,,,,,,,,,,,,,,,,,,,,,,,,,,,,
,,,,,,,,,,,,,,,,,,,,,,,,,,,,,,
,,,,,,,,,,,,,,,,,,,,,,,,,,,,,,
,,,,,,,,,,,,,,,,,,,,,,,,,,,,,,
,,,,,,,,,,,,,,,,,,,,,,,,,,,,,,
,,,,,,,,,,,,,,,,,,,,,,,,,,,,,,
,,,,,,,,,,,,,,,,,,,,,,,,,,,,,,
,,,,,,,,,,,,,,,,,,,,,,,,,,,,,,
,,,,,,,,,,,,,,,,,,,,,,,,,,,,,,
,,,,,,,,,,,,,,,,,,,,,,,,,,,,,,
,,,,,,,,,,,,,,,,,,,,,,,,,,,,,,
,,,,,,,,,,,,,,,,,,,,,,,,,,,,,,
,,,,,,,,,,,,,,,,,,,,,,,,,,,,,,
,,,,,,,,,,,,,,,,,,,,,,,,,,,,,,
,,,,,,,,,,,,,,,,,,,,,,,,,,,,,,
,,,,,,,,,,,,,,,,,,,,,,,,,,,,,,
,,,,,,,,,,,,,,,,,,,,,,,,,,,,,,
,,,,,,,,,,,,,,,,,,,,,,,,,,,,,,
,,,,,,,,,,,,,,,,,,,,,,,,,,,,,,
,,,,,,,,,,,,,,,,,,,,,,,,,,,,,,
,,,,,,,,,,,,,,,,,,,,,,,,,,,,,,
,,,,,,,,,,,,,,,,,,,,,,,,,,,,,,
,,,,,,,,,,,,,,,,,,,,,,,,,,,,,,
,,,,,,,,,,,,,,,,,,,,,,,,,,,,,,
,,,,,,,,,,,,,,,,,,,,,,,,,,,,,,
,,,,,,,,,,,,,,,,,,,,,,,,,,,,,,
,,,,,,,,,,,,,,,,,,,,,,,,,,,,,,
,,,,,,,,,,,,,,,,,,,,,,,,,,,,,,
,,,,,,,,,,,,,,,,,,,,,,,,,,,,,,
,,,,,,,,,,,,,,,,,,,,,,,,,,,,,,
,,,,,,,,,,,,,,,,,,,,,,,,,,,,,,
,,,,,,,,,,,,,,,,,,,,,,,,,,,,,,
,,,,,,,,,,,,,,,,,,,,,,,,,,,,,,
,,,,,,,,,,,,,,,,,,,,,,,,,,,,,,
,,,,,,,,,,,,,,,,,,,,,,,,,,,,,,
,,,,,,,,,,,,,,,,,,,,,,,,,,,,,,
,,,,,,,,,,,,,,,,,,,,,,,,,,,,,,
,,,,,,,,,,,,,,,,,,,,,,,,,,,,,,
,,,,,,,,,,,,,,,,,,,,,,,,,,,,,,
,,,,,,,,,,,,,,,,,,,,,,,,,,,,,,
,,,,,,,,,,,,,,,,,,,,,,,,,,,,,,
,,,,,,,,,,,,,,,,,,,,,,,,,,,,,,
,,,,,,,,,,,,,,,,,,,,,,,,,,,,,,
,,,,,,,,,,,,,,,,,,,,,,,,,,,,,,
,,,,,,,,,,,,,,,,,,,,,,,,,,,,,,
,,,,,,,,,,,,,,,,,,,,,,,,,,,,,,
,,,,,,,,,,,,,,,,,,,,,,,,,,,,,,
,,,,,,,,,,,,,,,,,,,,,,,,,,,,,,
,,,,,,,,,,,,,,,,,,,,,,,,,,,,,,
,,,,,,,,,,,,,,,,,,,,,,,,,,,,,,
,,,,,,,,,,,,,,,,,,,,,,,,,,,,,,
,,,,,,,,,,,,,,,,,,,,,,,,,,,,,,
,,,,,,,,,,,,,,,,,,,,,,,,,,,,,,
,,,,,,,,,,,,,,,,,,,,,,,,,,,,,,
,,,,,,,,,,,,,,,,,,,,,,,,,,,,,,
,,,,,,,,,,,,,,,,,,,,,,,,,,,,,,
,,,,,,,,,,,,,,,,,,,,,,,,,,,,,,
,,,,,,,,,,,,,,,,,,,,,,,,,,,,,,
,,,,,,,,,,,,,,,,,,,,,,,,,,,,,,
,,,,,,,,,,,,,,,,,,,,,,,,,,,,,,
,,,,,,,,,,,,,,,,,,,,,,,,,,,,,,
,,,,,,,,,,,,,,,,,,,,,,,,,,,,,,
,,,,,,,,,,,,,,,,,,,,,,,,,,,,,,
,,,,,,,,,,,,,,,,,,,,,,,,,,,,,,
,,,,,,,,,,,,,,,,,,,,,,,,,,,,,,
,,,,,,,,,,,,,,,,,,,,,,,,,,,,,,
,,,,,,,,,,,,,,,,,,,,,,,,,,,,,,
,,,,,,,,,,,,,,,,,,,,,,,,,,,,,,
,,,,,,,,,,,,,,,,,,,,,,,,,,,,,,
,,,,,,,,,,,,,,,,,,,,,,,,,,,,,,
,,,,,,,,,,,,,,,,,,,,,,,,,,,,,,
,,,,,,,,,,,,,,,,,,,,,,,,,,,,,,
,,,,,,,,,,,,,,,,,,,,,,,,,,,,,,
,,,,,,,,,,,,,,,,,,,,,,,,,,,,,,
,,,,,,,,,,,,,,,,,,,,,,,,,,,,,,
